
LT.ver6.elf:     file format elf32-avr

Sections:
Idx Name          Size      VMA       LMA       File off  Algn
  0 .data         0000007c  00800100  00002cbc  00002d50  2**0
                  CONTENTS, ALLOC, LOAD, DATA
  1 .text         00002cbc  00000000  00000000  00000094  2**1
                  CONTENTS, ALLOC, LOAD, READONLY, CODE
  2 .bss          00000069  0080017c  0080017c  00002dcc  2**0
                  ALLOC
  3 .comment      0000005c  00000000  00000000  00002dcc  2**0
                  CONTENTS, READONLY
  4 .note.gnu.avr.deviceinfo 0000003c  00000000  00000000  00002e28  2**2
                  CONTENTS, READONLY
  5 .debug_aranges 000001d8  00000000  00000000  00002e64  2**0
                  CONTENTS, READONLY, DEBUGGING
  6 .debug_info   00002ce1  00000000  00000000  0000303c  2**0
                  CONTENTS, READONLY, DEBUGGING
  7 .debug_abbrev 00000cf7  00000000  00000000  00005d1d  2**0
                  CONTENTS, READONLY, DEBUGGING
  8 .debug_line   00001dba  00000000  00000000  00006a14  2**0
                  CONTENTS, READONLY, DEBUGGING
  9 .debug_frame  00000640  00000000  00000000  000087d0  2**2
                  CONTENTS, READONLY, DEBUGGING
 10 .debug_str    00000851  00000000  00000000  00008e10  2**0
                  CONTENTS, READONLY, DEBUGGING
 11 .debug_loc    00002088  00000000  00000000  00009661  2**0
                  CONTENTS, READONLY, DEBUGGING
 12 .debug_ranges 00000268  00000000  00000000  0000b6e9  2**0
                  CONTENTS, READONLY, DEBUGGING

Disassembly of section .text:

00000000 <__vectors>:
       0:	51 c0       	rjmp	.+162    	; 0xa4 <__ctors_end>
       2:	00 00       	nop
       4:	6e c0       	rjmp	.+220    	; 0xe2 <__bad_interrupt>
       6:	00 00       	nop
       8:	6c c0       	rjmp	.+216    	; 0xe2 <__bad_interrupt>
       a:	00 00       	nop
       c:	db c1       	rjmp	.+950    	; 0x3c4 <__vector_3>
       e:	00 00       	nop
      10:	14 c2       	rjmp	.+1064   	; 0x43a <__vector_4>
      12:	00 00       	nop
      14:	7c c1       	rjmp	.+760    	; 0x30e <__vector_5>
      16:	00 00       	nop
      18:	ae c1       	rjmp	.+860    	; 0x376 <__vector_6>
      1a:	00 00       	nop
      1c:	62 c0       	rjmp	.+196    	; 0xe2 <__bad_interrupt>
      1e:	00 00       	nop
      20:	60 c0       	rjmp	.+192    	; 0xe2 <__bad_interrupt>
      22:	00 00       	nop
      24:	5e c0       	rjmp	.+188    	; 0xe2 <__bad_interrupt>
      26:	00 00       	nop
      28:	5c c0       	rjmp	.+184    	; 0xe2 <__bad_interrupt>
      2a:	00 00       	nop
      2c:	5a c0       	rjmp	.+180    	; 0xe2 <__bad_interrupt>
      2e:	00 00       	nop
      30:	58 c0       	rjmp	.+176    	; 0xe2 <__bad_interrupt>
      32:	00 00       	nop
      34:	56 c0       	rjmp	.+172    	; 0xe2 <__bad_interrupt>
      36:	00 00       	nop
      38:	54 c0       	rjmp	.+168    	; 0xe2 <__bad_interrupt>
      3a:	00 00       	nop
      3c:	52 c0       	rjmp	.+164    	; 0xe2 <__bad_interrupt>
      3e:	00 00       	nop
      40:	50 c0       	rjmp	.+160    	; 0xe2 <__bad_interrupt>
      42:	00 00       	nop
      44:	4e c0       	rjmp	.+156    	; 0xe2 <__bad_interrupt>
      46:	00 00       	nop
      48:	4c c0       	rjmp	.+152    	; 0xe2 <__bad_interrupt>
      4a:	00 00       	nop
      4c:	4a c0       	rjmp	.+148    	; 0xe2 <__bad_interrupt>
      4e:	00 00       	nop
      50:	48 c0       	rjmp	.+144    	; 0xe2 <__bad_interrupt>
      52:	00 00       	nop
      54:	46 c0       	rjmp	.+140    	; 0xe2 <__bad_interrupt>
      56:	00 00       	nop
      58:	44 c0       	rjmp	.+136    	; 0xe2 <__bad_interrupt>
      5a:	00 00       	nop
      5c:	42 c0       	rjmp	.+132    	; 0xe2 <__bad_interrupt>
      5e:	00 00       	nop
      60:	40 c0       	rjmp	.+128    	; 0xe2 <__bad_interrupt>
      62:	00 00       	nop
      64:	3e c0       	rjmp	.+124    	; 0xe2 <__bad_interrupt>
      66:	00 00       	nop
      68:	3c c0       	rjmp	.+120    	; 0xe2 <__bad_interrupt>
      6a:	00 00       	nop
      6c:	3a c0       	rjmp	.+116    	; 0xe2 <__bad_interrupt>
      6e:	00 00       	nop
      70:	38 c0       	rjmp	.+112    	; 0xe2 <__bad_interrupt>
      72:	00 00       	nop
      74:	36 c0       	rjmp	.+108    	; 0xe2 <__bad_interrupt>
      76:	00 00       	nop
      78:	34 c0       	rjmp	.+104    	; 0xe2 <__bad_interrupt>
      7a:	00 00       	nop
      7c:	32 c0       	rjmp	.+100    	; 0xe2 <__bad_interrupt>
      7e:	00 00       	nop
      80:	30 c0       	rjmp	.+96     	; 0xe2 <__bad_interrupt>
      82:	00 00       	nop
      84:	2e c0       	rjmp	.+92     	; 0xe2 <__bad_interrupt>
      86:	00 00       	nop
      88:	2c c0       	rjmp	.+88     	; 0xe2 <__bad_interrupt>
      8a:	00 00       	nop
      8c:	4b 12       	cpse	r4, r27
      8e:	4e 12       	cpse	r4, r30
      90:	5d 12       	cpse	r5, r29
      92:	60 12       	cpse	r6, r16
      94:	c2 12       	cpse	r12, r18
      96:	d0 12       	cpse	r13, r16
      98:	d2 12       	cpse	r13, r18
      9a:	d4 12       	cpse	r13, r20
      9c:	d6 12       	cpse	r13, r22
      9e:	d8 12       	cpse	r13, r24
      a0:	da 12       	cpse	r13, r26
      a2:	dd 12       	cpse	r13, r29

000000a4 <__ctors_end>:
      a4:	11 24       	eor	r1, r1
      a6:	1f be       	out	0x3f, r1	; 63
      a8:	cf ef       	ldi	r28, 0xFF	; 255
      aa:	d0 e1       	ldi	r29, 0x10	; 16
      ac:	de bf       	out	0x3e, r29	; 62
      ae:	cd bf       	out	0x3d, r28	; 61

000000b0 <__do_copy_data>:
      b0:	11 e0       	ldi	r17, 0x01	; 1
      b2:	a0 e0       	ldi	r26, 0x00	; 0
      b4:	b1 e0       	ldi	r27, 0x01	; 1
      b6:	ec eb       	ldi	r30, 0xBC	; 188
      b8:	fc e2       	ldi	r31, 0x2C	; 44
      ba:	00 e0       	ldi	r16, 0x00	; 0
      bc:	0b bf       	out	0x3b, r16	; 59
      be:	02 c0       	rjmp	.+4      	; 0xc4 <__do_copy_data+0x14>
      c0:	07 90       	elpm	r0, Z+
      c2:	0d 92       	st	X+, r0
      c4:	ac 37       	cpi	r26, 0x7C	; 124
      c6:	b1 07       	cpc	r27, r17
      c8:	d9 f7       	brne	.-10     	; 0xc0 <__do_copy_data+0x10>

000000ca <__do_clear_bss>:
      ca:	21 e0       	ldi	r18, 0x01	; 1
      cc:	ac e7       	ldi	r26, 0x7C	; 124
      ce:	b1 e0       	ldi	r27, 0x01	; 1
      d0:	01 c0       	rjmp	.+2      	; 0xd4 <.do_clear_bss_start>

000000d2 <.do_clear_bss_loop>:
      d2:	1d 92       	st	X+, r1

000000d4 <.do_clear_bss_start>:
      d4:	a5 3e       	cpi	r26, 0xE5	; 229
      d6:	b2 07       	cpc	r27, r18
      d8:	e1 f7       	brne	.-8      	; 0xd2 <.do_clear_bss_loop>
      da:	0e 94 05 12 	call	0x240a	; 0x240a <main>
      de:	0c 94 5c 16 	jmp	0x2cb8	; 0x2cb8 <_exit>

000000e2 <__bad_interrupt>:
      e2:	8e cf       	rjmp	.-228    	; 0x0 <__vectors>

000000e4 <i2c_lcd_command_8>:
	i2c_lcd_command(0x06); _delay_us(50);
	i2c_lcd_command(0x0c); _delay_us(50); // display on, cursor & cursor blink off
}

void i2c_lcd_command_8(uint8_t command)
{
      e4:	cf 93       	push	r28
      e6:	df 93       	push	r29
      e8:	00 d0       	rcall	.+0      	; 0xea <i2c_lcd_command_8+0x6>
      ea:	00 d0       	rcall	.+0      	; 0xec <i2c_lcd_command_8+0x8>
      ec:	cd b7       	in	r28, 0x3d	; 61
      ee:	de b7       	in	r29, 0x3e	; 62
	uint8_t c_buf[4];

	c_buf[0] = (command & 0xf0) | RS0_EN1 | Backlight;
      f0:	80 7f       	andi	r24, 0xF0	; 240
      f2:	98 2f       	mov	r25, r24
      f4:	9c 60       	ori	r25, 0x0C	; 12
      f6:	99 83       	std	Y+1, r25	; 0x01
	c_buf[1] = (command & 0xf0) | RS0_EN0 | Backlight;
      f8:	88 60       	ori	r24, 0x08	; 8
      fa:	8a 83       	std	Y+2, r24	; 0x02

	i2c_transmit_nbytes(I2C_addr_PCF8574, c_buf, 2);
      fc:	42 e0       	ldi	r20, 0x02	; 2
      fe:	50 e0       	ldi	r21, 0x00	; 0
     100:	be 01       	movw	r22, r28
     102:	6f 5f       	subi	r22, 0xFF	; 255
     104:	7f 4f       	sbci	r23, 0xFF	; 255
     106:	80 91 00 01 	lds	r24, 0x0100	; 0x800100 <__DATA_REGION_ORIGIN__>
     10a:	de d0       	rcall	.+444    	; 0x2c8 <i2c_transmit_nbytes>
}
     10c:	0f 90       	pop	r0
     10e:	0f 90       	pop	r0
     110:	0f 90       	pop	r0
     112:	0f 90       	pop	r0
     114:	df 91       	pop	r29
     116:	cf 91       	pop	r28
     118:	08 95       	ret

0000011a <i2c_lcd_command>:

void i2c_lcd_command(uint8_t command)
{
     11a:	cf 93       	push	r28
     11c:	df 93       	push	r29
     11e:	00 d0       	rcall	.+0      	; 0x120 <i2c_lcd_command+0x6>
     120:	00 d0       	rcall	.+0      	; 0x122 <i2c_lcd_command+0x8>
     122:	cd b7       	in	r28, 0x3d	; 61
     124:	de b7       	in	r29, 0x3e	; 62
	uint8_t c_buf[4];

	c_buf[0] = (command & 0xf0) | RS0_EN1 | Backlight;
     126:	98 2f       	mov	r25, r24
     128:	90 7f       	andi	r25, 0xF0	; 240
     12a:	29 2f       	mov	r18, r25
     12c:	2c 60       	ori	r18, 0x0C	; 12
     12e:	29 83       	std	Y+1, r18	; 0x01
	c_buf[1] = (command & 0xf0) | RS0_EN0 | Backlight;
     130:	98 60       	ori	r25, 0x08	; 8
     132:	9a 83       	std	Y+2, r25	; 0x02
	c_buf[2] = ((command << 4) & 0xf0) | RS0_EN1 | Backlight;
     134:	20 e1       	ldi	r18, 0x10	; 16
     136:	82 9f       	mul	r24, r18
     138:	c0 01       	movw	r24, r0
     13a:	11 24       	eor	r1, r1
     13c:	98 2f       	mov	r25, r24
     13e:	9c 60       	ori	r25, 0x0C	; 12
     140:	9b 83       	std	Y+3, r25	; 0x03
	c_buf[3] = ((command << 4) & 0xf0) | RS0_EN0 | Backlight;
     142:	88 60       	ori	r24, 0x08	; 8
     144:	8c 83       	std	Y+4, r24	; 0x04

	i2c_transmit_nbytes(I2C_addr_PCF8574, c_buf, 4);
     146:	44 e0       	ldi	r20, 0x04	; 4
     148:	50 e0       	ldi	r21, 0x00	; 0
     14a:	be 01       	movw	r22, r28
     14c:	6f 5f       	subi	r22, 0xFF	; 255
     14e:	7f 4f       	sbci	r23, 0xFF	; 255
     150:	80 91 00 01 	lds	r24, 0x0100	; 0x800100 <__DATA_REGION_ORIGIN__>
     154:	b9 d0       	rcall	.+370    	; 0x2c8 <i2c_transmit_nbytes>
}
     156:	0f 90       	pop	r0
     158:	0f 90       	pop	r0
     15a:	0f 90       	pop	r0
     15c:	0f 90       	pop	r0
     15e:	df 91       	pop	r29
     160:	cf 91       	pop	r28
     162:	08 95       	ret

00000164 <i2c_lcd_init>:

uint8_t I2C_addr_PCF8574 = (0x27 << 1);

void i2c_lcd_init(void)
{
	i2c_init();
     164:	8b d0       	rcall	.+278    	; 0x27c <i2c_init>
	#else
		//round up by default
		__ticks_dc = (uint32_t)(ceil(fabs(__tmp)));
	#endif

	__builtin_avr_delay_cycles(__ticks_dc);
     166:	2f ef       	ldi	r18, 0xFF	; 255
     168:	80 e7       	ldi	r24, 0x70	; 112
     16a:	92 e0       	ldi	r25, 0x02	; 2
     16c:	21 50       	subi	r18, 0x01	; 1
     16e:	80 40       	sbci	r24, 0x00	; 0
     170:	90 40       	sbci	r25, 0x00	; 0
     172:	e1 f7       	brne	.-8      	; 0x16c <i2c_lcd_init+0x8>
     174:	00 c0       	rjmp	.+0      	; 0x176 <i2c_lcd_init+0x12>
     176:	00 00       	nop
	_delay_ms(50);

	i2c_lcd_command_8(0x30); _delay_ms(5);
     178:	80 e3       	ldi	r24, 0x30	; 48
     17a:	b4 df       	rcall	.-152    	; 0xe4 <i2c_lcd_command_8>
     17c:	8f e1       	ldi	r24, 0x1F	; 31
     17e:	9e e4       	ldi	r25, 0x4E	; 78
     180:	01 97       	sbiw	r24, 0x01	; 1
     182:	f1 f7       	brne	.-4      	; 0x180 <i2c_lcd_init+0x1c>
     184:	00 c0       	rjmp	.+0      	; 0x186 <i2c_lcd_init+0x22>
	i2c_lcd_command_8(0x30); _delay_us(100);
     186:	00 00       	nop
     188:	80 e3       	ldi	r24, 0x30	; 48
     18a:	ac df       	rcall	.-168    	; 0xe4 <i2c_lcd_command_8>
	#else
		//round up by default
		__ticks_dc = (uint32_t)(ceil(fabs(__tmp)));
	#endif

	__builtin_avr_delay_cycles(__ticks_dc);
     18c:	8f e8       	ldi	r24, 0x8F	; 143
     18e:	91 e0       	ldi	r25, 0x01	; 1
     190:	01 97       	sbiw	r24, 0x01	; 1
     192:	f1 f7       	brne	.-4      	; 0x190 <i2c_lcd_init+0x2c>
     194:	00 c0       	rjmp	.+0      	; 0x196 <i2c_lcd_init+0x32>
	i2c_lcd_command_8(0x30); _delay_us(100);
     196:	00 00       	nop
     198:	80 e3       	ldi	r24, 0x30	; 48
     19a:	a4 df       	rcall	.-184    	; 0xe4 <i2c_lcd_command_8>
     19c:	8f e8       	ldi	r24, 0x8F	; 143
     19e:	91 e0       	ldi	r25, 0x01	; 1
     1a0:	01 97       	sbiw	r24, 0x01	; 1
     1a2:	f1 f7       	brne	.-4      	; 0x1a0 <i2c_lcd_init+0x3c>
     1a4:	00 c0       	rjmp	.+0      	; 0x1a6 <i2c_lcd_init+0x42>
	i2c_lcd_command_8(0x20); _delay_us(100);
     1a6:	00 00       	nop
     1a8:	80 e2       	ldi	r24, 0x20	; 32
     1aa:	9c df       	rcall	.-200    	; 0xe4 <i2c_lcd_command_8>
     1ac:	8f e8       	ldi	r24, 0x8F	; 143
     1ae:	91 e0       	ldi	r25, 0x01	; 1
     1b0:	01 97       	sbiw	r24, 0x01	; 1
     1b2:	f1 f7       	brne	.-4      	; 0x1b0 <i2c_lcd_init+0x4c>
     1b4:	00 c0       	rjmp	.+0      	; 0x1b6 <i2c_lcd_init+0x52>

	i2c_lcd_command(0x28); _delay_us(50); // display on/off control
     1b6:	00 00       	nop
     1b8:	88 e2       	ldi	r24, 0x28	; 40
     1ba:	af df       	rcall	.-162    	; 0x11a <i2c_lcd_command>
     1bc:	87 ec       	ldi	r24, 0xC7	; 199
     1be:	90 e0       	ldi	r25, 0x00	; 0
     1c0:	01 97       	sbiw	r24, 0x01	; 1
     1c2:	f1 f7       	brne	.-4      	; 0x1c0 <i2c_lcd_init+0x5c>
     1c4:	00 c0       	rjmp	.+0      	; 0x1c6 <i2c_lcd_init+0x62>
	i2c_lcd_command(0x08); _delay_us(50);
     1c6:	00 00       	nop
     1c8:	88 e0       	ldi	r24, 0x08	; 8
     1ca:	a7 df       	rcall	.-178    	; 0x11a <i2c_lcd_command>
     1cc:	87 ec       	ldi	r24, 0xC7	; 199
     1ce:	90 e0       	ldi	r25, 0x00	; 0
     1d0:	01 97       	sbiw	r24, 0x01	; 1
     1d2:	f1 f7       	brne	.-4      	; 0x1d0 <i2c_lcd_init+0x6c>
     1d4:	00 c0       	rjmp	.+0      	; 0x1d6 <i2c_lcd_init+0x72>
	i2c_lcd_command(0x01); _delay_ms(3);  // clear display
     1d6:	00 00       	nop
     1d8:	81 e0       	ldi	r24, 0x01	; 1
	#else
		//round up by default
		__ticks_dc = (uint32_t)(ceil(fabs(__tmp)));
	#endif

	__builtin_avr_delay_cycles(__ticks_dc);
     1da:	9f df       	rcall	.-194    	; 0x11a <i2c_lcd_command>
     1dc:	8f ed       	ldi	r24, 0xDF	; 223
     1de:	9e e2       	ldi	r25, 0x2E	; 46
     1e0:	01 97       	sbiw	r24, 0x01	; 1
     1e2:	f1 f7       	brne	.-4      	; 0x1e0 <i2c_lcd_init+0x7c>
     1e4:	00 c0       	rjmp	.+0      	; 0x1e6 <i2c_lcd_init+0x82>
	i2c_lcd_command(0x06); _delay_us(50);
     1e6:	00 00       	nop
     1e8:	86 e0       	ldi	r24, 0x06	; 6
	#else
		//round up by default
		__ticks_dc = (uint32_t)(ceil(fabs(__tmp)));
	#endif

	__builtin_avr_delay_cycles(__ticks_dc);
     1ea:	97 df       	rcall	.-210    	; 0x11a <i2c_lcd_command>
     1ec:	87 ec       	ldi	r24, 0xC7	; 199
     1ee:	90 e0       	ldi	r25, 0x00	; 0
     1f0:	01 97       	sbiw	r24, 0x01	; 1
     1f2:	f1 f7       	brne	.-4      	; 0x1f0 <i2c_lcd_init+0x8c>
     1f4:	00 c0       	rjmp	.+0      	; 0x1f6 <i2c_lcd_init+0x92>
	i2c_lcd_command(0x0c); _delay_us(50); // display on, cursor & cursor blink off
     1f6:	00 00       	nop
     1f8:	8c e0       	ldi	r24, 0x0C	; 12
     1fa:	8f df       	rcall	.-226    	; 0x11a <i2c_lcd_command>
     1fc:	87 ec       	ldi	r24, 0xC7	; 199
     1fe:	90 e0       	ldi	r25, 0x00	; 0
     200:	01 97       	sbiw	r24, 0x01	; 1
     202:	f1 f7       	brne	.-4      	; 0x200 <i2c_lcd_init+0x9c>
     204:	00 c0       	rjmp	.+0      	; 0x206 <i2c_lcd_init+0xa2>
     206:	00 00       	nop
     208:	08 95       	ret

0000020a <i2c_lcd_data>:

	i2c_transmit_nbytes(I2C_addr_PCF8574, c_buf, 4);
}

void i2c_lcd_data(uint8_t data)
{
     20a:	cf 93       	push	r28
     20c:	df 93       	push	r29
     20e:	00 d0       	rcall	.+0      	; 0x210 <i2c_lcd_data+0x6>
     210:	00 d0       	rcall	.+0      	; 0x212 <i2c_lcd_data+0x8>
     212:	cd b7       	in	r28, 0x3d	; 61
     214:	de b7       	in	r29, 0x3e	; 62
	uint8_t d_buf[4];

	d_buf[0] = (data & 0xf0) | RS1_EN1 | Backlight;
     216:	98 2f       	mov	r25, r24
     218:	90 7f       	andi	r25, 0xF0	; 240
     21a:	29 2f       	mov	r18, r25
     21c:	2d 60       	ori	r18, 0x0D	; 13
     21e:	29 83       	std	Y+1, r18	; 0x01
	d_buf[1] = (data & 0xf0) | RS1_EN0 | Backlight;
     220:	99 60       	ori	r25, 0x09	; 9
     222:	9a 83       	std	Y+2, r25	; 0x02
	d_buf[2] = ((data << 4) & 0xf0) | RS1_EN1 | Backlight;
     224:	20 e1       	ldi	r18, 0x10	; 16
     226:	82 9f       	mul	r24, r18
     228:	c0 01       	movw	r24, r0
     22a:	11 24       	eor	r1, r1
     22c:	98 2f       	mov	r25, r24
     22e:	9d 60       	ori	r25, 0x0D	; 13
     230:	9b 83       	std	Y+3, r25	; 0x03
	d_buf[3] = ((data << 4) & 0xf0) | RS1_EN0 | Backlight;
     232:	89 60       	ori	r24, 0x09	; 9
     234:	8c 83       	std	Y+4, r24	; 0x04

	i2c_transmit_nbytes(I2C_addr_PCF8574, d_buf, 4);
     236:	44 e0       	ldi	r20, 0x04	; 4
     238:	50 e0       	ldi	r21, 0x00	; 0
     23a:	be 01       	movw	r22, r28
     23c:	6f 5f       	subi	r22, 0xFF	; 255
     23e:	7f 4f       	sbci	r23, 0xFF	; 255
     240:	80 91 00 01 	lds	r24, 0x0100	; 0x800100 <__DATA_REGION_ORIGIN__>
     244:	41 d0       	rcall	.+130    	; 0x2c8 <i2c_transmit_nbytes>
}
     246:	0f 90       	pop	r0
     248:	0f 90       	pop	r0
     24a:	0f 90       	pop	r0
     24c:	0f 90       	pop	r0
     24e:	df 91       	pop	r29
     250:	cf 91       	pop	r28
     252:	08 95       	ret

00000254 <i2c_lcd_goto_XY>:

void i2c_lcd_goto_XY(uint8_t row, uint8_t col)
{
	uint8_t address = (0x40 * row) + col;
     254:	90 e4       	ldi	r25, 0x40	; 64
     256:	89 9f       	mul	r24, r25
     258:	60 0d       	add	r22, r0
     25a:	11 24       	eor	r1, r1
     25c:	86 2f       	mov	r24, r22
	uint8_t command = 0x80 | address;

	i2c_lcd_command(command);
     25e:	80 68       	ori	r24, 0x80	; 128
     260:	5c cf       	rjmp	.-328    	; 0x11a <i2c_lcd_command>
     262:	08 95       	ret

00000264 <i2c_lcd_write_string>:
}

void i2c_lcd_write_string(char *string)
{
     264:	cf 93       	push	r28
     266:	df 93       	push	r29
     268:	ec 01       	movw	r28, r24
	while (*string) {
     26a:	02 c0       	rjmp	.+4      	; 0x270 <i2c_lcd_write_string+0xc>
		i2c_lcd_data(*string++);
     26c:	21 96       	adiw	r28, 0x01	; 1
     26e:	cd df       	rcall	.-102    	; 0x20a <i2c_lcd_data>
	i2c_lcd_command(command);
}

void i2c_lcd_write_string(char *string)
{
	while (*string) {
     270:	88 81       	ld	r24, Y
     272:	81 11       	cpse	r24, r1
     274:	fb cf       	rjmp	.-10     	; 0x26c <i2c_lcd_write_string+0x8>
		i2c_lcd_data(*string++);
	}
}
     276:	df 91       	pop	r29
     278:	cf 91       	pop	r28
     27a:	08 95       	ret

0000027c <i2c_init>:
uint8_t i2c_receive_nack(void)
{
	TWCR = (1 << TWINT) | (1 << TWEN);
	while (!(TWCR & (1 << TWINT)));
	return TWDR;
}
     27c:	82 b3       	in	r24, 0x12	; 18
     27e:	83 60       	ori	r24, 0x03	; 3
     280:	82 bb       	out	0x12, r24	; 18
     282:	88 e4       	ldi	r24, 0x48	; 72
     284:	80 93 70 00 	sts	0x0070, r24	; 0x800070 <__TEXT_REGION_LENGTH__+0x7e0070>
     288:	08 95       	ret

0000028a <i2c_start>:
     28a:	94 ea       	ldi	r25, 0xA4	; 164
     28c:	90 93 74 00 	sts	0x0074, r25	; 0x800074 <__TEXT_REGION_LENGTH__+0x7e0074>
     290:	90 91 74 00 	lds	r25, 0x0074	; 0x800074 <__TEXT_REGION_LENGTH__+0x7e0074>
     294:	99 23       	and	r25, r25
     296:	e4 f7       	brge	.-8      	; 0x290 <i2c_start+0x6>
     298:	80 93 73 00 	sts	0x0073, r24	; 0x800073 <__TEXT_REGION_LENGTH__+0x7e0073>
     29c:	84 e8       	ldi	r24, 0x84	; 132
     29e:	80 93 74 00 	sts	0x0074, r24	; 0x800074 <__TEXT_REGION_LENGTH__+0x7e0074>
     2a2:	80 91 74 00 	lds	r24, 0x0074	; 0x800074 <__TEXT_REGION_LENGTH__+0x7e0074>
     2a6:	88 23       	and	r24, r24
     2a8:	e4 f7       	brge	.-8      	; 0x2a2 <i2c_start+0x18>
     2aa:	08 95       	ret

000002ac <i2c_transmit>:
     2ac:	80 93 73 00 	sts	0x0073, r24	; 0x800073 <__TEXT_REGION_LENGTH__+0x7e0073>
     2b0:	84 e8       	ldi	r24, 0x84	; 132
     2b2:	80 93 74 00 	sts	0x0074, r24	; 0x800074 <__TEXT_REGION_LENGTH__+0x7e0074>
     2b6:	80 91 74 00 	lds	r24, 0x0074	; 0x800074 <__TEXT_REGION_LENGTH__+0x7e0074>
     2ba:	88 23       	and	r24, r24
     2bc:	e4 f7       	brge	.-8      	; 0x2b6 <i2c_transmit+0xa>
     2be:	08 95       	ret

000002c0 <i2c_stop>:
	i2c_stop();
}

void i2c_stop(void)
{
	TWCR = (1 << TWINT) | (1 << TWEN) | (1 << TWSTO);
     2c0:	84 e9       	ldi	r24, 0x94	; 148
     2c2:	80 93 74 00 	sts	0x0074, r24	; 0x800074 <__TEXT_REGION_LENGTH__+0x7e0074>
     2c6:	08 95       	ret

000002c8 <i2c_transmit_nbytes>:
	while (!(TWCR & (1 << TWINT)));
	return TWDR;
}

void i2c_transmit_nbytes(uint8_t adress, uint8_t* data, uint16_t length)
{
     2c8:	ef 92       	push	r14
     2ca:	ff 92       	push	r15
     2cc:	0f 93       	push	r16
     2ce:	1f 93       	push	r17
     2d0:	cf 93       	push	r28
     2d2:	df 93       	push	r29
     2d4:	7b 01       	movw	r14, r22
     2d6:	8a 01       	movw	r16, r20
	i2c_start(adress | I2C_WRITE);
     2d8:	d8 df       	rcall	.-80     	; 0x28a <i2c_start>
	for (uint16_t i = 0; i < length; i++)
     2da:	c0 e0       	ldi	r28, 0x00	; 0
     2dc:	d0 e0       	ldi	r29, 0x00	; 0
     2de:	0c c0       	rjmp	.+24     	; 0x2f8 <i2c_transmit_nbytes+0x30>
	{
		i2c_transmit(data[i]);
     2e0:	f7 01       	movw	r30, r14
     2e2:	ec 0f       	add	r30, r28
     2e4:	fd 1f       	adc	r31, r29
     2e6:	80 81       	ld	r24, Z
     2e8:	e1 df       	rcall	.-62     	; 0x2ac <i2c_transmit>
	#else
		//round up by default
		__ticks_dc = (uint32_t)(ceil(fabs(__tmp)));
	#endif

	__builtin_avr_delay_cycles(__ticks_dc);
     2ea:	8f e9       	ldi	r24, 0x9F	; 159
     2ec:	9f e0       	ldi	r25, 0x0F	; 15
     2ee:	01 97       	sbiw	r24, 0x01	; 1
     2f0:	f1 f7       	brne	.-4      	; 0x2ee <i2c_transmit_nbytes+0x26>
     2f2:	00 c0       	rjmp	.+0      	; 0x2f4 <i2c_transmit_nbytes+0x2c>
     2f4:	00 00       	nop
}

void i2c_transmit_nbytes(uint8_t adress, uint8_t* data, uint16_t length)
{
	i2c_start(adress | I2C_WRITE);
	for (uint16_t i = 0; i < length; i++)
     2f6:	21 96       	adiw	r28, 0x01	; 1
     2f8:	c0 17       	cp	r28, r16
     2fa:	d1 07       	cpc	r29, r17
	{
		i2c_transmit(data[i]);
		_delay_ms(1);
	}
	i2c_stop();
     2fc:	88 f3       	brcs	.-30     	; 0x2e0 <i2c_transmit_nbytes+0x18>
     2fe:	e0 df       	rcall	.-64     	; 0x2c0 <i2c_stop>
}
     300:	df 91       	pop	r29
     302:	cf 91       	pop	r28
     304:	1f 91       	pop	r17
     306:	0f 91       	pop	r16
     308:	ff 90       	pop	r15
     30a:	ef 90       	pop	r14
     30c:	08 95       	ret

0000030e <__vector_5>:
		i2c_lcd_goto_XY(1,i*4);
		char temp[5];
		sprintf(temp,"%4d",norm_ir[i+3]);
		i2c_lcd_write_string(temp);
	}
}
     30e:	1f 92       	push	r1
     310:	0f 92       	push	r0
     312:	0f b6       	in	r0, 0x3f	; 63
     314:	0f 92       	push	r0
     316:	11 24       	eor	r1, r1
     318:	8f 93       	push	r24
     31a:	9f 93       	push	r25
     31c:	80 91 d7 01 	lds	r24, 0x01D7	; 0x8001d7 <mode>
     320:	90 91 d8 01 	lds	r25, 0x01D8	; 0x8001d8 <mode+0x1>
     324:	89 2b       	or	r24, r25
     326:	39 f4       	brne	.+14     	; 0x336 <__vector_5+0x28>
     328:	8a e0       	ldi	r24, 0x0A	; 10
     32a:	90 e0       	ldi	r25, 0x00	; 0
     32c:	90 93 d8 01 	sts	0x01D8, r25	; 0x8001d8 <mode+0x1>
     330:	80 93 d7 01 	sts	0x01D7, r24	; 0x8001d7 <mode>
     334:	19 c0       	rjmp	.+50     	; 0x368 <__vector_5+0x5a>
     336:	80 91 d7 01 	lds	r24, 0x01D7	; 0x8001d7 <mode>
     33a:	90 91 d8 01 	lds	r25, 0x01D8	; 0x8001d8 <mode+0x1>
     33e:	0a 97       	sbiw	r24, 0x0a	; 10
     340:	39 f4       	brne	.+14     	; 0x350 <__vector_5+0x42>
     342:	8b e0       	ldi	r24, 0x0B	; 11
     344:	90 e0       	ldi	r25, 0x00	; 0
     346:	90 93 d8 01 	sts	0x01D8, r25	; 0x8001d8 <mode+0x1>
     34a:	80 93 d7 01 	sts	0x01D7, r24	; 0x8001d7 <mode>
     34e:	0c c0       	rjmp	.+24     	; 0x368 <__vector_5+0x5a>
     350:	80 91 d7 01 	lds	r24, 0x01D7	; 0x8001d7 <mode>
     354:	90 91 d8 01 	lds	r25, 0x01D8	; 0x8001d8 <mode+0x1>
     358:	0b 97       	sbiw	r24, 0x0b	; 11
     35a:	31 f4       	brne	.+12     	; 0x368 <__vector_5+0x5a>
     35c:	81 e0       	ldi	r24, 0x01	; 1
     35e:	90 e0       	ldi	r25, 0x00	; 0
     360:	90 93 d8 01 	sts	0x01D8, r25	; 0x8001d8 <mode+0x1>
     364:	80 93 d7 01 	sts	0x01D7, r24	; 0x8001d7 <mode>
     368:	9f 91       	pop	r25
     36a:	8f 91       	pop	r24
     36c:	0f 90       	pop	r0
     36e:	0f be       	out	0x3f, r0	; 63
     370:	0f 90       	pop	r0
     372:	1f 90       	pop	r1
     374:	18 95       	reti

00000376 <__vector_6>:
     376:	1f 92       	push	r1
     378:	0f 92       	push	r0
     37a:	0f b6       	in	r0, 0x3f	; 63
     37c:	0f 92       	push	r0
     37e:	11 24       	eor	r1, r1
     380:	8f 93       	push	r24
     382:	9f 93       	push	r25
     384:	80 91 d7 01 	lds	r24, 0x01D7	; 0x8001d7 <mode>
     388:	90 91 d8 01 	lds	r25, 0x01D8	; 0x8001d8 <mode+0x1>
     38c:	01 97       	sbiw	r24, 0x01	; 1
     38e:	31 f0       	breq	.+12     	; 0x39c <__vector_6+0x26>
     390:	80 91 d7 01 	lds	r24, 0x01D7	; 0x8001d7 <mode>
     394:	90 91 d8 01 	lds	r25, 0x01D8	; 0x8001d8 <mode+0x1>
     398:	0a 97       	sbiw	r24, 0x0a	; 10
     39a:	39 f4       	brne	.+14     	; 0x3aa <__vector_6+0x34>
     39c:	82 e0       	ldi	r24, 0x02	; 2
     39e:	90 e0       	ldi	r25, 0x00	; 0
     3a0:	90 93 d8 01 	sts	0x01D8, r25	; 0x8001d8 <mode+0x1>
     3a4:	80 93 d7 01 	sts	0x01D7, r24	; 0x8001d7 <mode>
     3a8:	06 c0       	rjmp	.+12     	; 0x3b6 <__vector_6+0x40>
     3aa:	83 e0       	ldi	r24, 0x03	; 3
     3ac:	90 e0       	ldi	r25, 0x00	; 0
     3ae:	90 93 d8 01 	sts	0x01D8, r25	; 0x8001d8 <mode+0x1>
     3b2:	80 93 d7 01 	sts	0x01D7, r24	; 0x8001d7 <mode>
     3b6:	9f 91       	pop	r25
     3b8:	8f 91       	pop	r24
     3ba:	0f 90       	pop	r0
     3bc:	0f be       	out	0x3f, r0	; 63
     3be:	0f 90       	pop	r0
     3c0:	1f 90       	pop	r1
     3c2:	18 95       	reti

000003c4 <__vector_3>:
     3c4:	1f 92       	push	r1
     3c6:	0f 92       	push	r0
     3c8:	0f b6       	in	r0, 0x3f	; 63
     3ca:	0f 92       	push	r0
     3cc:	11 24       	eor	r1, r1
     3ce:	8f 93       	push	r24
     3d0:	9f 93       	push	r25
     3d2:	80 91 d7 01 	lds	r24, 0x01D7	; 0x8001d7 <mode>
     3d6:	90 91 d8 01 	lds	r25, 0x01D8	; 0x8001d8 <mode+0x1>
     3da:	04 97       	sbiw	r24, 0x04	; 4
     3dc:	39 f4       	brne	.+14     	; 0x3ec <__vector_3+0x28>
     3de:	85 e0       	ldi	r24, 0x05	; 5
     3e0:	90 e0       	ldi	r25, 0x00	; 0
     3e2:	90 93 d8 01 	sts	0x01D8, r25	; 0x8001d8 <mode+0x1>
     3e6:	80 93 d7 01 	sts	0x01D7, r24	; 0x8001d7 <mode>
     3ea:	20 c0       	rjmp	.+64     	; 0x42c <__LOCK_REGION_LENGTH__+0x2c>
     3ec:	80 91 d7 01 	lds	r24, 0x01D7	; 0x8001d7 <mode>
     3f0:	90 91 d8 01 	lds	r25, 0x01D8	; 0x8001d8 <mode+0x1>
     3f4:	05 97       	sbiw	r24, 0x05	; 5
     3f6:	39 f4       	brne	.+14     	; 0x406 <__LOCK_REGION_LENGTH__+0x6>
     3f8:	86 e0       	ldi	r24, 0x06	; 6
     3fa:	90 e0       	ldi	r25, 0x00	; 0
     3fc:	90 93 d8 01 	sts	0x01D8, r25	; 0x8001d8 <mode+0x1>
     400:	80 93 d7 01 	sts	0x01D7, r24	; 0x8001d7 <mode>
     404:	13 c0       	rjmp	.+38     	; 0x42c <__LOCK_REGION_LENGTH__+0x2c>
     406:	80 91 d7 01 	lds	r24, 0x01D7	; 0x8001d7 <mode>
     40a:	90 91 d8 01 	lds	r25, 0x01D8	; 0x8001d8 <mode+0x1>
     40e:	06 97       	sbiw	r24, 0x06	; 6
     410:	39 f4       	brne	.+14     	; 0x420 <__LOCK_REGION_LENGTH__+0x20>
     412:	87 e0       	ldi	r24, 0x07	; 7
     414:	90 e0       	ldi	r25, 0x00	; 0
     416:	90 93 d8 01 	sts	0x01D8, r25	; 0x8001d8 <mode+0x1>
     41a:	80 93 d7 01 	sts	0x01D7, r24	; 0x8001d7 <mode>
     41e:	06 c0       	rjmp	.+12     	; 0x42c <__LOCK_REGION_LENGTH__+0x2c>
     420:	84 e0       	ldi	r24, 0x04	; 4
     422:	90 e0       	ldi	r25, 0x00	; 0
     424:	90 93 d8 01 	sts	0x01D8, r25	; 0x8001d8 <mode+0x1>
     428:	80 93 d7 01 	sts	0x01D7, r24	; 0x8001d7 <mode>
     42c:	9f 91       	pop	r25
     42e:	8f 91       	pop	r24
     430:	0f 90       	pop	r0
     432:	0f be       	out	0x3f, r0	; 63
     434:	0f 90       	pop	r0
     436:	1f 90       	pop	r1
     438:	18 95       	reti

0000043a <__vector_4>:
     43a:	1f 92       	push	r1
     43c:	0f 92       	push	r0
     43e:	0f b6       	in	r0, 0x3f	; 63
     440:	0f 92       	push	r0
     442:	11 24       	eor	r1, r1
     444:	8f 93       	push	r24
     446:	9f 93       	push	r25
     448:	85 e0       	ldi	r24, 0x05	; 5
     44a:	90 e0       	ldi	r25, 0x00	; 0
     44c:	90 93 d8 01 	sts	0x01D8, r25	; 0x8001d8 <mode+0x1>
     450:	80 93 d7 01 	sts	0x01D7, r24	; 0x8001d7 <mode>
     454:	9f 91       	pop	r25
     456:	8f 91       	pop	r24
     458:	0f 90       	pop	r0
     45a:	0f be       	out	0x3f, r0	; 63
     45c:	0f 90       	pop	r0
     45e:	1f 90       	pop	r1
     460:	18 95       	reti

00000462 <led_init>:
     462:	8f ef       	ldi	r24, 0xFF	; 255
     464:	8a bb       	out	0x1a, r24	; 26
     466:	8b bb       	out	0x1b, r24	; 27
     468:	08 95       	ret

0000046a <motor_init>:
     46a:	8f e6       	ldi	r24, 0x6F	; 111
     46c:	87 bb       	out	0x17, r24	; 23
     46e:	82 ea       	ldi	r24, 0xA2	; 162
     470:	8f bd       	out	0x2f, r24	; 47
     472:	8b e1       	ldi	r24, 0x1B	; 27
     474:	8e bd       	out	0x2e, r24	; 46
     476:	10 92 7a 00 	sts	0x007A, r1	; 0x80007a <__TEXT_REGION_LENGTH__+0x7e007a>
     47a:	89 ef       	ldi	r24, 0xF9	; 249
     47c:	90 e0       	ldi	r25, 0x00	; 0
     47e:	97 bd       	out	0x27, r25	; 39
     480:	86 bd       	out	0x26, r24	; 38
     482:	1d bc       	out	0x2d, r1	; 45
     484:	1c bc       	out	0x2c, r1	; 44
     486:	88 b3       	in	r24, 0x18	; 24
     488:	80 7f       	andi	r24, 0xF0	; 240
     48a:	85 60       	ori	r24, 0x05	; 5
     48c:	88 bb       	out	0x18, r24	; 24
     48e:	08 95       	ret

00000490 <switch_init>:
     490:	8b ec       	ldi	r24, 0xCB	; 203
     492:	82 b9       	out	0x02, r24	; 2
     494:	81 b3       	in	r24, 0x11	; 17
     496:	80 7f       	andi	r24, 0xF0	; 240
     498:	81 bb       	out	0x11, r24	; 17
     49a:	82 b3       	in	r24, 0x12	; 18
     49c:	8f 60       	ori	r24, 0x0F	; 15
     49e:	82 bb       	out	0x12, r24	; 18
     4a0:	83 b1       	in	r24, 0x03	; 3
     4a2:	80 63       	ori	r24, 0x30	; 48
     4a4:	83 b9       	out	0x03, r24	; 3
     4a6:	8c e3       	ldi	r24, 0x3C	; 60
     4a8:	89 bf       	out	0x39, r24	; 57
     4aa:	80 ea       	ldi	r24, 0xA0	; 160
     4ac:	80 93 6a 00 	sts	0x006A, r24	; 0x80006a <__TEXT_REGION_LENGTH__+0x7e006a>
     4b0:	8a e0       	ldi	r24, 0x0A	; 10
     4b2:	8a bf       	out	0x3a, r24	; 58
     4b4:	08 95       	ret

000004b6 <lcd_init>:
     4b6:	56 ce       	rjmp	.-852    	; 0x164 <i2c_lcd_init>
     4b8:	08 95       	ret

000004ba <IR_init>:
     4ba:	83 e0       	ldi	r24, 0x03	; 3
     4bc:	80 93 61 00 	sts	0x0061, r24	; 0x800061 <__TEXT_REGION_LENGTH__+0x7e0061>
     4c0:	80 e4       	ldi	r24, 0x40	; 64
     4c2:	87 b9       	out	0x07, r24	; 7
     4c4:	87 e8       	ldi	r24, 0x87	; 135
     4c6:	86 b9       	out	0x06, r24	; 6
     4c8:	08 95       	ret

000004ca <PSD_init>:
     4ca:	81 e0       	ldi	r24, 0x01	; 1
     4cc:	80 93 61 00 	sts	0x0061, r24	; 0x800061 <__TEXT_REGION_LENGTH__+0x7e0061>
     4d0:	08 95       	ret

000004d2 <all_init>:
     4d2:	c7 df       	rcall	.-114    	; 0x462 <led_init>
     4d4:	ca df       	rcall	.-108    	; 0x46a <motor_init>
     4d6:	dc df       	rcall	.-72     	; 0x490 <switch_init>
     4d8:	ee df       	rcall	.-36     	; 0x4b6 <lcd_init>
     4da:	ef df       	rcall	.-34     	; 0x4ba <IR_init>
     4dc:	f6 cf       	rjmp	.-20     	; 0x4ca <PSD_init>
     4de:	08 95       	ret

000004e0 <read_adc>:
     4e0:	80 64       	ori	r24, 0x40	; 64
     4e2:	87 b9       	out	0x07, r24	; 7
     4e4:	86 b1       	in	r24, 0x06	; 6
     4e6:	80 64       	ori	r24, 0x40	; 64
     4e8:	86 b9       	out	0x06, r24	; 6
     4ea:	36 99       	sbic	0x06, 6	; 6
     4ec:	fe cf       	rjmp	.-4      	; 0x4ea <read_adc+0xa>
     4ee:	84 b1       	in	r24, 0x04	; 4
     4f0:	95 b1       	in	r25, 0x05	; 5
     4f2:	08 95       	ret

000004f4 <value_move>:
     4f4:	41 e0       	ldi	r20, 0x01	; 1
     4f6:	50 e0       	ldi	r21, 0x00	; 0
     4f8:	2a c0       	rjmp	.+84     	; 0x54e <value_move+0x5a>
     4fa:	ca 01       	movw	r24, r20
     4fc:	01 96       	adiw	r24, 0x01	; 1
     4fe:	fa 01       	movw	r30, r20
     500:	ee 0f       	add	r30, r30
     502:	ff 1f       	adc	r31, r31
     504:	e4 0f       	add	r30, r20
     506:	f5 1f       	adc	r31, r21
     508:	ee 0f       	add	r30, r30
     50a:	ff 1f       	adc	r31, r31
     50c:	e2 0f       	add	r30, r18
     50e:	f3 1f       	adc	r31, r19
     510:	ee 0f       	add	r30, r30
     512:	ff 1f       	adc	r31, r31
     514:	e7 56       	subi	r30, 0x67	; 103
     516:	fe 4f       	sbci	r31, 0xFE	; 254
     518:	60 81       	ld	r22, Z
     51a:	71 81       	ldd	r23, Z+1	; 0x01
     51c:	fc 01       	movw	r30, r24
     51e:	ee 0f       	add	r30, r30
     520:	ff 1f       	adc	r31, r31
     522:	e8 0f       	add	r30, r24
     524:	f9 1f       	adc	r31, r25
     526:	ee 0f       	add	r30, r30
     528:	ff 1f       	adc	r31, r31
     52a:	e2 0f       	add	r30, r18
     52c:	f3 1f       	adc	r31, r19
     52e:	ee 0f       	add	r30, r30
     530:	ff 1f       	adc	r31, r31
     532:	e7 56       	subi	r30, 0x67	; 103
     534:	fe 4f       	sbci	r31, 0xFE	; 254
     536:	71 83       	std	Z+1, r23	; 0x01
     538:	60 83       	st	Z, r22
     53a:	2f 5f       	subi	r18, 0xFF	; 255
     53c:	3f 4f       	sbci	r19, 0xFF	; 255
     53e:	02 c0       	rjmp	.+4      	; 0x544 <value_move+0x50>
     540:	20 e0       	ldi	r18, 0x00	; 0
     542:	30 e0       	ldi	r19, 0x00	; 0
     544:	26 30       	cpi	r18, 0x06	; 6
     546:	31 05       	cpc	r19, r1
     548:	c4 f2       	brlt	.-80     	; 0x4fa <value_move+0x6>
     54a:	41 50       	subi	r20, 0x01	; 1
     54c:	51 09       	sbc	r21, r1
     54e:	55 23       	and	r21, r21
     550:	bc f7       	brge	.-18     	; 0x540 <value_move+0x4c>
     552:	08 95       	ret

00000554 <calibration>:
     554:	cf 93       	push	r28
     556:	df 93       	push	r29
     558:	cd df       	rcall	.-102    	; 0x4f4 <value_move>
     55a:	c2 e0       	ldi	r28, 0x02	; 2
     55c:	d0 e0       	ldi	r29, 0x00	; 0
     55e:	2e c0       	rjmp	.+92     	; 0x5bc <calibration+0x68>
     560:	ce 01       	movw	r24, r28
     562:	be df       	rcall	.-132    	; 0x4e0 <read_adc>
     564:	9e 01       	movw	r18, r28
     566:	22 50       	subi	r18, 0x02	; 2
     568:	31 09       	sbc	r19, r1
     56a:	a9 01       	movw	r20, r18
     56c:	44 0f       	add	r20, r20
     56e:	55 1f       	adc	r21, r21
     570:	fa 01       	movw	r30, r20
     572:	e7 56       	subi	r30, 0x67	; 103
     574:	fe 4f       	sbci	r31, 0xFE	; 254
     576:	91 83       	std	Z+1, r25	; 0x01
     578:	80 83       	st	Z, r24
     57a:	fa 01       	movw	r30, r20
     57c:	e7 53       	subi	r30, 0x37	; 55
     57e:	fe 4f       	sbci	r31, 0xFE	; 254
     580:	40 81       	ld	r20, Z
     582:	51 81       	ldd	r21, Z+1	; 0x01
     584:	84 17       	cp	r24, r20
     586:	95 07       	cpc	r25, r21
     588:	3c f0       	brlt	.+14     	; 0x598 <calibration+0x44>
     58a:	f9 01       	movw	r30, r18
     58c:	ee 0f       	add	r30, r30
     58e:	ff 1f       	adc	r31, r31
     590:	e7 53       	subi	r30, 0x37	; 55
     592:	fe 4f       	sbci	r31, 0xFE	; 254
     594:	91 83       	std	Z+1, r25	; 0x01
     596:	80 83       	st	Z, r24
     598:	f9 01       	movw	r30, r18
     59a:	ee 0f       	add	r30, r30
     59c:	ff 1f       	adc	r31, r31
     59e:	e7 5e       	subi	r30, 0xE7	; 231
     5a0:	fe 4f       	sbci	r31, 0xFE	; 254
     5a2:	40 81       	ld	r20, Z
     5a4:	51 81       	ldd	r21, Z+1	; 0x01
     5a6:	48 17       	cp	r20, r24
     5a8:	59 07       	cpc	r21, r25
     5aa:	3c f0       	brlt	.+14     	; 0x5ba <calibration+0x66>
     5ac:	22 0f       	add	r18, r18
     5ae:	33 1f       	adc	r19, r19
     5b0:	f9 01       	movw	r30, r18
     5b2:	e7 5e       	subi	r30, 0xE7	; 231
     5b4:	fe 4f       	sbci	r31, 0xFE	; 254
     5b6:	91 83       	std	Z+1, r25	; 0x01
     5b8:	80 83       	st	Z, r24
     5ba:	21 96       	adiw	r28, 0x01	; 1
     5bc:	c8 30       	cpi	r28, 0x08	; 8
     5be:	d1 05       	cpc	r29, r1
     5c0:	7c f2       	brlt	.-98     	; 0x560 <calibration+0xc>
     5c2:	22 e0       	ldi	r18, 0x02	; 2
     5c4:	30 e0       	ldi	r19, 0x00	; 0
     5c6:	3b c0       	rjmp	.+118    	; 0x63e <calibration+0xea>
     5c8:	c9 01       	movw	r24, r18
     5ca:	02 97       	sbiw	r24, 0x02	; 2
     5cc:	88 0f       	add	r24, r24
     5ce:	99 1f       	adc	r25, r25
     5d0:	fc 01       	movw	r30, r24
     5d2:	e7 56       	subi	r30, 0x67	; 103
     5d4:	fe 4f       	sbci	r31, 0xFE	; 254
     5d6:	40 81       	ld	r20, Z
     5d8:	51 81       	ldd	r21, Z+1	; 0x01
     5da:	fc 01       	movw	r30, r24
     5dc:	e7 53       	subi	r30, 0x37	; 55
     5de:	fe 4f       	sbci	r31, 0xFE	; 254
     5e0:	60 81       	ld	r22, Z
     5e2:	71 81       	ldd	r23, Z+1	; 0x01
     5e4:	fc 01       	movw	r30, r24
     5e6:	e7 5e       	subi	r30, 0xE7	; 231
     5e8:	fe 4f       	sbci	r31, 0xFE	; 254
     5ea:	80 81       	ld	r24, Z
     5ec:	91 81       	ldd	r25, Z+1	; 0x01
     5ee:	86 0f       	add	r24, r22
     5f0:	97 1f       	adc	r25, r23
     5f2:	99 23       	and	r25, r25
     5f4:	0c f4       	brge	.+2      	; 0x5f8 <calibration+0xa4>
     5f6:	01 96       	adiw	r24, 0x01	; 1
     5f8:	95 95       	asr	r25
     5fa:	87 95       	ror	r24
     5fc:	48 17       	cp	r20, r24
     5fe:	59 07       	cpc	r21, r25
     600:	7c f4       	brge	.+30     	; 0x620 <calibration+0xcc>
     602:	4b b3       	in	r20, 0x1b	; 27
     604:	b9 01       	movw	r22, r18
     606:	61 50       	subi	r22, 0x01	; 1
     608:	71 09       	sbc	r23, r1
     60a:	81 e0       	ldi	r24, 0x01	; 1
     60c:	90 e0       	ldi	r25, 0x00	; 0
     60e:	02 c0       	rjmp	.+4      	; 0x614 <calibration+0xc0>
     610:	88 0f       	add	r24, r24
     612:	99 1f       	adc	r25, r25
     614:	6a 95       	dec	r22
     616:	e2 f7       	brpl	.-8      	; 0x610 <calibration+0xbc>
     618:	80 95       	com	r24
     61a:	84 23       	and	r24, r20
     61c:	8b bb       	out	0x1b, r24	; 27
     61e:	0d c0       	rjmp	.+26     	; 0x63a <calibration+0xe6>
     620:	4b b3       	in	r20, 0x1b	; 27
     622:	b9 01       	movw	r22, r18
     624:	61 50       	subi	r22, 0x01	; 1
     626:	71 09       	sbc	r23, r1
     628:	81 e0       	ldi	r24, 0x01	; 1
     62a:	90 e0       	ldi	r25, 0x00	; 0
     62c:	02 c0       	rjmp	.+4      	; 0x632 <calibration+0xde>
     62e:	88 0f       	add	r24, r24
     630:	99 1f       	adc	r25, r25
     632:	6a 95       	dec	r22
     634:	e2 f7       	brpl	.-8      	; 0x62e <calibration+0xda>
     636:	84 2b       	or	r24, r20
     638:	8b bb       	out	0x1b, r24	; 27
     63a:	2f 5f       	subi	r18, 0xFF	; 255
     63c:	3f 4f       	sbci	r19, 0xFF	; 255
     63e:	28 30       	cpi	r18, 0x08	; 8
     640:	31 05       	cpc	r19, r1
     642:	14 f2       	brlt	.-124    	; 0x5c8 <calibration+0x74>
     644:	df 91       	pop	r29
     646:	cf 91       	pop	r28
     648:	08 95       	ret

0000064a <in_5verticle>:
     64a:	80 e0       	ldi	r24, 0x00	; 0
     64c:	90 e0       	ldi	r25, 0x00	; 0
     64e:	40 e0       	ldi	r20, 0x00	; 0
     650:	50 e0       	ldi	r21, 0x00	; 0
     652:	0d c0       	rjmp	.+26     	; 0x66e <in_5verticle+0x24>
     654:	fc 01       	movw	r30, r24
     656:	ee 0f       	add	r30, r30
     658:	ff 1f       	adc	r31, r31
     65a:	e7 52       	subi	r30, 0x27	; 39
     65c:	fe 4f       	sbci	r31, 0xFE	; 254
     65e:	20 81       	ld	r18, Z
     660:	31 81       	ldd	r19, Z+1	; 0x01
     662:	23 33       	cpi	r18, 0x33	; 51
     664:	31 05       	cpc	r19, r1
     666:	14 f4       	brge	.+4      	; 0x66c <in_5verticle+0x22>
     668:	4f 5f       	subi	r20, 0xFF	; 255
     66a:	5f 4f       	sbci	r21, 0xFF	; 255
     66c:	01 96       	adiw	r24, 0x01	; 1
     66e:	86 30       	cpi	r24, 0x06	; 6
     670:	91 05       	cpc	r25, r1
     672:	84 f3       	brlt	.-32     	; 0x654 <in_5verticle+0xa>
     674:	45 30       	cpi	r20, 0x05	; 5
     676:	51 05       	cpc	r21, r1
     678:	14 f0       	brlt	.+4      	; 0x67e <in_5verticle+0x34>
     67a:	81 e0       	ldi	r24, 0x01	; 1
     67c:	01 c0       	rjmp	.+2      	; 0x680 <in_5verticle+0x36>
     67e:	80 e0       	ldi	r24, 0x00	; 0
     680:	81 11       	cpse	r24, r1
     682:	0e c0       	rjmp	.+28     	; 0x6a0 <in_5verticle+0x56>
     684:	90 91 94 01 	lds	r25, 0x0194	; 0x800194 <prev_all>
     688:	99 23       	and	r25, r25
     68a:	51 f0       	breq	.+20     	; 0x6a0 <in_5verticle+0x56>
     68c:	20 91 95 01 	lds	r18, 0x0195	; 0x800195 <verticle>
     690:	30 91 96 01 	lds	r19, 0x0196	; 0x800196 <verticle+0x1>
     694:	2f 5f       	subi	r18, 0xFF	; 255
     696:	3f 4f       	sbci	r19, 0xFF	; 255
     698:	30 93 96 01 	sts	0x0196, r19	; 0x800196 <verticle+0x1>
     69c:	20 93 95 01 	sts	0x0195, r18	; 0x800195 <verticle>
     6a0:	80 93 94 01 	sts	0x0194, r24	; 0x800194 <prev_all>
     6a4:	08 95       	ret

000006a6 <in_6verticle>:
     6a6:	80 91 d9 01 	lds	r24, 0x01D9	; 0x8001d9 <norm_ir>
     6aa:	90 91 da 01 	lds	r25, 0x01DA	; 0x8001da <norm_ir+0x1>
     6ae:	c3 97       	sbiw	r24, 0x33	; 51
     6b0:	04 f5       	brge	.+64     	; 0x6f2 <in_6verticle+0x4c>
     6b2:	80 91 db 01 	lds	r24, 0x01DB	; 0x8001db <norm_ir+0x2>
     6b6:	90 91 dc 01 	lds	r25, 0x01DC	; 0x8001dc <norm_ir+0x3>
     6ba:	c3 97       	sbiw	r24, 0x33	; 51
     6bc:	e4 f4       	brge	.+56     	; 0x6f6 <in_6verticle+0x50>
     6be:	80 91 dd 01 	lds	r24, 0x01DD	; 0x8001dd <norm_ir+0x4>
     6c2:	90 91 de 01 	lds	r25, 0x01DE	; 0x8001de <norm_ir+0x5>
     6c6:	c3 97       	sbiw	r24, 0x33	; 51
     6c8:	c4 f4       	brge	.+48     	; 0x6fa <in_6verticle+0x54>
     6ca:	80 91 df 01 	lds	r24, 0x01DF	; 0x8001df <norm_ir+0x6>
     6ce:	90 91 e0 01 	lds	r25, 0x01E0	; 0x8001e0 <norm_ir+0x7>
     6d2:	c3 97       	sbiw	r24, 0x33	; 51
     6d4:	a4 f4       	brge	.+40     	; 0x6fe <in_6verticle+0x58>
     6d6:	80 91 e1 01 	lds	r24, 0x01E1	; 0x8001e1 <norm_ir+0x8>
     6da:	90 91 e2 01 	lds	r25, 0x01E2	; 0x8001e2 <norm_ir+0x9>
     6de:	c3 97       	sbiw	r24, 0x33	; 51
     6e0:	84 f4       	brge	.+32     	; 0x702 <in_6verticle+0x5c>
     6e2:	80 91 e3 01 	lds	r24, 0x01E3	; 0x8001e3 <norm_ir+0xa>
     6e6:	90 91 e4 01 	lds	r25, 0x01E4	; 0x8001e4 <norm_ir+0xb>
     6ea:	c3 97       	sbiw	r24, 0x33	; 51
     6ec:	64 f0       	brlt	.+24     	; 0x706 <in_6verticle+0x60>
     6ee:	80 e0       	ldi	r24, 0x00	; 0
     6f0:	0b c0       	rjmp	.+22     	; 0x708 <in_6verticle+0x62>
     6f2:	80 e0       	ldi	r24, 0x00	; 0
     6f4:	09 c0       	rjmp	.+18     	; 0x708 <in_6verticle+0x62>
     6f6:	80 e0       	ldi	r24, 0x00	; 0
     6f8:	07 c0       	rjmp	.+14     	; 0x708 <in_6verticle+0x62>
     6fa:	80 e0       	ldi	r24, 0x00	; 0
     6fc:	05 c0       	rjmp	.+10     	; 0x708 <in_6verticle+0x62>
     6fe:	80 e0       	ldi	r24, 0x00	; 0
     700:	03 c0       	rjmp	.+6      	; 0x708 <in_6verticle+0x62>
     702:	80 e0       	ldi	r24, 0x00	; 0
     704:	01 c0       	rjmp	.+2      	; 0x708 <in_6verticle+0x62>
     706:	81 e0       	ldi	r24, 0x01	; 1
     708:	81 11       	cpse	r24, r1
     70a:	0e c0       	rjmp	.+28     	; 0x728 <in_6verticle+0x82>
     70c:	90 91 94 01 	lds	r25, 0x0194	; 0x800194 <prev_all>
     710:	99 23       	and	r25, r25
     712:	51 f0       	breq	.+20     	; 0x728 <in_6verticle+0x82>
     714:	20 91 95 01 	lds	r18, 0x0195	; 0x800195 <verticle>
     718:	30 91 96 01 	lds	r19, 0x0196	; 0x800196 <verticle+0x1>
     71c:	2f 5f       	subi	r18, 0xFF	; 255
     71e:	3f 4f       	sbci	r19, 0xFF	; 255
     720:	30 93 96 01 	sts	0x0196, r19	; 0x800196 <verticle+0x1>
     724:	20 93 95 01 	sts	0x0195, r18	; 0x800195 <verticle>
     728:	80 93 94 01 	sts	0x0194, r24	; 0x800194 <prev_all>
     72c:	08 95       	ret

0000072e <parallelogram>:
     72e:	0f 93       	push	r16
     730:	1f 93       	push	r17
     732:	cf 93       	push	r28
     734:	df 93       	push	r29
     736:	de de       	rcall	.-580    	; 0x4f4 <value_move>
     738:	02 e0       	ldi	r16, 0x02	; 2
     73a:	10 e0       	ldi	r17, 0x00	; 0
     73c:	34 c0       	rjmp	.+104    	; 0x7a6 <parallelogram+0x78>
     73e:	c8 01       	movw	r24, r16
     740:	cf de       	rcall	.-610    	; 0x4e0 <read_adc>
     742:	e8 01       	movw	r28, r16
     744:	22 97       	sbiw	r28, 0x02	; 2
     746:	ae 01       	movw	r20, r28
     748:	44 0f       	add	r20, r20
     74a:	55 1f       	adc	r21, r21
     74c:	fa 01       	movw	r30, r20
     74e:	e7 56       	subi	r30, 0x67	; 103
     750:	fe 4f       	sbci	r31, 0xFE	; 254
     752:	91 83       	std	Z+1, r25	; 0x01
     754:	80 83       	st	Z, r24
     756:	fa 01       	movw	r30, r20
     758:	e7 53       	subi	r30, 0x37	; 55
     75a:	fe 4f       	sbci	r31, 0xFE	; 254
     75c:	20 81       	ld	r18, Z
     75e:	31 81       	ldd	r19, Z+1	; 0x01
     760:	fa 01       	movw	r30, r20
     762:	e7 5e       	subi	r30, 0xE7	; 231
     764:	fe 4f       	sbci	r31, 0xFE	; 254
     766:	40 81       	ld	r20, Z
     768:	51 81       	ldd	r21, Z+1	; 0x01
     76a:	24 17       	cp	r18, r20
     76c:	35 07       	cpc	r19, r21
     76e:	21 f0       	breq	.+8      	; 0x778 <parallelogram+0x4a>
     770:	f9 01       	movw	r30, r18
     772:	e4 1b       	sub	r30, r20
     774:	f5 0b       	sbc	r31, r21
     776:	02 c0       	rjmp	.+4      	; 0x77c <parallelogram+0x4e>
     778:	e1 e0       	ldi	r30, 0x01	; 1
     77a:	f0 e0       	ldi	r31, 0x00	; 0
     77c:	dc 01       	movw	r26, r24
     77e:	a4 1b       	sub	r26, r20
     780:	b5 0b       	sbc	r27, r21
     782:	24 e6       	ldi	r18, 0x64	; 100
     784:	30 e0       	ldi	r19, 0x00	; 0
     786:	0e 94 35 13 	call	0x266a	; 0x266a <__usmulhisi3>
     78a:	9f 01       	movw	r18, r30
     78c:	ff 0f       	add	r31, r31
     78e:	44 0b       	sbc	r20, r20
     790:	55 0b       	sbc	r21, r21
     792:	0e 94 01 13 	call	0x2602	; 0x2602 <__divmodsi4>
     796:	cc 0f       	add	r28, r28
     798:	dd 1f       	adc	r29, r29
     79a:	c7 52       	subi	r28, 0x27	; 39
     79c:	de 4f       	sbci	r29, 0xFE	; 254
     79e:	39 83       	std	Y+1, r19	; 0x01
     7a0:	28 83       	st	Y, r18
     7a2:	0f 5f       	subi	r16, 0xFF	; 255
     7a4:	1f 4f       	sbci	r17, 0xFF	; 255
     7a6:	08 30       	cpi	r16, 0x08	; 8
     7a8:	11 05       	cpc	r17, r1
     7aa:	4c f2       	brlt	.-110    	; 0x73e <parallelogram+0x10>
     7ac:	82 e0       	ldi	r24, 0x02	; 2
     7ae:	90 e0       	ldi	r25, 0x00	; 0
     7b0:	28 c0       	rjmp	.+80     	; 0x802 <parallelogram+0xd4>
     7b2:	fc 01       	movw	r30, r24
     7b4:	32 97       	sbiw	r30, 0x02	; 2
     7b6:	ee 0f       	add	r30, r30
     7b8:	ff 1f       	adc	r31, r31
     7ba:	e7 52       	subi	r30, 0x27	; 39
     7bc:	fe 4f       	sbci	r31, 0xFE	; 254
     7be:	20 81       	ld	r18, Z
     7c0:	31 81       	ldd	r19, Z+1	; 0x01
     7c2:	22 33       	cpi	r18, 0x32	; 50
     7c4:	31 05       	cpc	r19, r1
     7c6:	7c f4       	brge	.+30     	; 0x7e6 <parallelogram+0xb8>
     7c8:	4b b3       	in	r20, 0x1b	; 27
     7ca:	bc 01       	movw	r22, r24
     7cc:	61 50       	subi	r22, 0x01	; 1
     7ce:	71 09       	sbc	r23, r1
     7d0:	21 e0       	ldi	r18, 0x01	; 1
     7d2:	30 e0       	ldi	r19, 0x00	; 0
     7d4:	02 c0       	rjmp	.+4      	; 0x7da <parallelogram+0xac>
     7d6:	22 0f       	add	r18, r18
     7d8:	33 1f       	adc	r19, r19
     7da:	6a 95       	dec	r22
     7dc:	e2 f7       	brpl	.-8      	; 0x7d6 <parallelogram+0xa8>
     7de:	20 95       	com	r18
     7e0:	24 23       	and	r18, r20
     7e2:	2b bb       	out	0x1b, r18	; 27
     7e4:	0d c0       	rjmp	.+26     	; 0x800 <parallelogram+0xd2>
     7e6:	4b b3       	in	r20, 0x1b	; 27
     7e8:	bc 01       	movw	r22, r24
     7ea:	61 50       	subi	r22, 0x01	; 1
     7ec:	71 09       	sbc	r23, r1
     7ee:	21 e0       	ldi	r18, 0x01	; 1
     7f0:	30 e0       	ldi	r19, 0x00	; 0
     7f2:	02 c0       	rjmp	.+4      	; 0x7f8 <parallelogram+0xca>
     7f4:	22 0f       	add	r18, r18
     7f6:	33 1f       	adc	r19, r19
     7f8:	6a 95       	dec	r22
     7fa:	e2 f7       	brpl	.-8      	; 0x7f4 <parallelogram+0xc6>
     7fc:	24 2b       	or	r18, r20
     7fe:	2b bb       	out	0x1b, r18	; 27
     800:	01 96       	adiw	r24, 0x01	; 1
     802:	88 30       	cpi	r24, 0x08	; 8
     804:	91 05       	cpc	r25, r1
     806:	ac f2       	brlt	.-86     	; 0x7b2 <parallelogram+0x84>
     808:	80 91 d9 01 	lds	r24, 0x01D9	; 0x8001d9 <norm_ir>
     80c:	90 91 da 01 	lds	r25, 0x01DA	; 0x8001da <norm_ir+0x1>
     810:	c2 97       	sbiw	r24, 0x32	; 50
     812:	0c f0       	brlt	.+2      	; 0x816 <parallelogram+0xe8>
     814:	69 c0       	rjmp	.+210    	; 0x8e8 <parallelogram+0x1ba>
     816:	80 91 90 01 	lds	r24, 0x0190	; 0x800190 <right_parallcount>
     81a:	90 91 91 01 	lds	r25, 0x0191	; 0x800191 <right_parallcount+0x1>
     81e:	18 16       	cp	r1, r24
     820:	19 06       	cpc	r1, r25
     822:	0c f0       	brlt	.+2      	; 0x826 <parallelogram+0xf8>
     824:	3d c0       	rjmp	.+122    	; 0x8a0 <parallelogram+0x172>
     826:	80 91 92 01 	lds	r24, 0x0192	; 0x800192 <left_parallcount>
     82a:	90 91 93 01 	lds	r25, 0x0193	; 0x800193 <left_parallcount+0x1>
     82e:	01 96       	adiw	r24, 0x01	; 1
     830:	90 93 93 01 	sts	0x0193, r25	; 0x800193 <left_parallcount+0x1>
     834:	80 93 92 01 	sts	0x0192, r24	; 0x800192 <left_parallcount>
     838:	02 97       	sbiw	r24, 0x02	; 2
     83a:	94 f1       	brlt	.+100    	; 0x8a0 <parallelogram+0x172>
     83c:	86 b5       	in	r24, 0x26	; 38
     83e:	97 b5       	in	r25, 0x27	; 39
     840:	4e e1       	ldi	r20, 0x1E	; 30
     842:	48 9f       	mul	r20, r24
     844:	90 01       	movw	r18, r0
     846:	49 9f       	mul	r20, r25
     848:	30 0d       	add	r19, r0
     84a:	11 24       	eor	r1, r1
     84c:	36 95       	lsr	r19
     84e:	27 95       	ror	r18
     850:	36 95       	lsr	r19
     852:	27 95       	ror	r18
     854:	ab e7       	ldi	r26, 0x7B	; 123
     856:	b4 e1       	ldi	r27, 0x14	; 20
     858:	0e 94 26 13 	call	0x264c	; 0x264c <__umulhisi3>
     85c:	96 95       	lsr	r25
     85e:	87 95       	ror	r24
     860:	9b bd       	out	0x2b, r25	; 43
     862:	8a bd       	out	0x2a, r24	; 42
     864:	19 bc       	out	0x29, r1	; 41
     866:	18 bc       	out	0x28, r1	; 40
     868:	2f ef       	ldi	r18, 0xFF	; 255
     86a:	8f e0       	ldi	r24, 0x0F	; 15
     86c:	97 e2       	ldi	r25, 0x27	; 39
     86e:	21 50       	subi	r18, 0x01	; 1
     870:	80 40       	sbci	r24, 0x00	; 0
     872:	90 40       	sbci	r25, 0x00	; 0
     874:	e1 f7       	brne	.-8      	; 0x86e <parallelogram+0x140>
     876:	00 c0       	rjmp	.+0      	; 0x878 <parallelogram+0x14a>
     878:	00 00       	nop
     87a:	84 e0       	ldi	r24, 0x04	; 4
     87c:	90 e0       	ldi	r25, 0x00	; 0
     87e:	90 93 d8 01 	sts	0x01D8, r25	; 0x8001d8 <mode+0x1>
     882:	80 93 d7 01 	sts	0x01D7, r24	; 0x8001d7 <mode>
     886:	81 e0       	ldi	r24, 0x01	; 1
     888:	80 93 8f 01 	sts	0x018F, r24	; 0x80018f <parall_entered>
     88c:	10 92 96 01 	sts	0x0196, r1	; 0x800196 <verticle+0x1>
     890:	10 92 95 01 	sts	0x0195, r1	; 0x800195 <verticle>
     894:	60 e0       	ldi	r22, 0x00	; 0
     896:	de dc       	rcall	.-1604   	; 0x254 <i2c_lcd_goto_XY>
     898:	8d e2       	ldi	r24, 0x2D	; 45
     89a:	91 e0       	ldi	r25, 0x01	; 1
     89c:	e3 dc       	rcall	.-1594   	; 0x264 <i2c_lcd_write_string>
     89e:	80 c0       	rjmp	.+256    	; 0x9a0 <parallelogram+0x272>
     8a0:	88 b3       	in	r24, 0x18	; 24
     8a2:	80 7f       	andi	r24, 0xF0	; 240
     8a4:	8a 60       	ori	r24, 0x0A	; 10
     8a6:	88 bb       	out	0x18, r24	; 24
     8a8:	86 b5       	in	r24, 0x26	; 38
     8aa:	97 b5       	in	r25, 0x27	; 39
     8ac:	4e e1       	ldi	r20, 0x1E	; 30
     8ae:	48 9f       	mul	r20, r24
     8b0:	90 01       	movw	r18, r0
     8b2:	49 9f       	mul	r20, r25
     8b4:	30 0d       	add	r19, r0
     8b6:	11 24       	eor	r1, r1
     8b8:	36 95       	lsr	r19
     8ba:	27 95       	ror	r18
     8bc:	36 95       	lsr	r19
     8be:	27 95       	ror	r18
     8c0:	ab e7       	ldi	r26, 0x7B	; 123
     8c2:	b4 e1       	ldi	r27, 0x14	; 20
     8c4:	0e 94 26 13 	call	0x264c	; 0x264c <__umulhisi3>
     8c8:	96 95       	lsr	r25
     8ca:	87 95       	ror	r24
     8cc:	9b bd       	out	0x2b, r25	; 43
     8ce:	8a bd       	out	0x2a, r24	; 42
     8d0:	19 bc       	out	0x29, r1	; 41
     8d2:	18 bc       	out	0x28, r1	; 40
     8d4:	2f ef       	ldi	r18, 0xFF	; 255
     8d6:	89 e6       	ldi	r24, 0x69	; 105
     8d8:	98 e1       	ldi	r25, 0x18	; 24
     8da:	21 50       	subi	r18, 0x01	; 1
     8dc:	80 40       	sbci	r24, 0x00	; 0
     8de:	90 40       	sbci	r25, 0x00	; 0
     8e0:	e1 f7       	brne	.-8      	; 0x8da <parallelogram+0x1ac>
     8e2:	00 c0       	rjmp	.+0      	; 0x8e4 <parallelogram+0x1b6>
     8e4:	00 00       	nop
     8e6:	5c c0       	rjmp	.+184    	; 0x9a0 <parallelogram+0x272>
     8e8:	80 91 e3 01 	lds	r24, 0x01E3	; 0x8001e3 <norm_ir+0xa>
     8ec:	90 91 e4 01 	lds	r25, 0x01E4	; 0x8001e4 <norm_ir+0xb>
     8f0:	c2 97       	sbiw	r24, 0x32	; 50
     8f2:	6c f5       	brge	.+90     	; 0x94e <parallelogram+0x220>
     8f4:	80 91 90 01 	lds	r24, 0x0190	; 0x800190 <right_parallcount>
     8f8:	90 91 91 01 	lds	r25, 0x0191	; 0x800191 <right_parallcount+0x1>
     8fc:	01 96       	adiw	r24, 0x01	; 1
     8fe:	90 93 91 01 	sts	0x0191, r25	; 0x800191 <right_parallcount+0x1>
     902:	80 93 90 01 	sts	0x0190, r24	; 0x800190 <right_parallcount>
     906:	88 b3       	in	r24, 0x18	; 24
     908:	80 7f       	andi	r24, 0xF0	; 240
     90a:	8a 60       	ori	r24, 0x0A	; 10
     90c:	88 bb       	out	0x18, r24	; 24
     90e:	86 b5       	in	r24, 0x26	; 38
     910:	97 b5       	in	r25, 0x27	; 39
     912:	4e e1       	ldi	r20, 0x1E	; 30
     914:	48 9f       	mul	r20, r24
     916:	90 01       	movw	r18, r0
     918:	49 9f       	mul	r20, r25
     91a:	30 0d       	add	r19, r0
     91c:	11 24       	eor	r1, r1
     91e:	36 95       	lsr	r19
     920:	27 95       	ror	r18
     922:	36 95       	lsr	r19
     924:	27 95       	ror	r18
     926:	ab e7       	ldi	r26, 0x7B	; 123
     928:	b4 e1       	ldi	r27, 0x14	; 20
     92a:	0e 94 26 13 	call	0x264c	; 0x264c <__umulhisi3>
     92e:	96 95       	lsr	r25
     930:	87 95       	ror	r24
     932:	99 bd       	out	0x29, r25	; 41
     934:	88 bd       	out	0x28, r24	; 40
     936:	1b bc       	out	0x2b, r1	; 43
     938:	1a bc       	out	0x2a, r1	; 42
     93a:	2f ef       	ldi	r18, 0xFF	; 255
     93c:	89 e6       	ldi	r24, 0x69	; 105
     93e:	98 e1       	ldi	r25, 0x18	; 24
     940:	21 50       	subi	r18, 0x01	; 1
     942:	80 40       	sbci	r24, 0x00	; 0
     944:	90 40       	sbci	r25, 0x00	; 0
     946:	e1 f7       	brne	.-8      	; 0x940 <parallelogram+0x212>
     948:	00 c0       	rjmp	.+0      	; 0x94a <parallelogram+0x21c>
     94a:	00 00       	nop
     94c:	29 c0       	rjmp	.+82     	; 0x9a0 <parallelogram+0x272>
     94e:	88 b3       	in	r24, 0x18	; 24
     950:	80 7f       	andi	r24, 0xF0	; 240
     952:	85 60       	ori	r24, 0x05	; 5
     954:	88 bb       	out	0x18, r24	; 24
     956:	86 b5       	in	r24, 0x26	; 38
     958:	97 b5       	in	r25, 0x27	; 39
     95a:	4e e1       	ldi	r20, 0x1E	; 30
     95c:	48 9f       	mul	r20, r24
     95e:	90 01       	movw	r18, r0
     960:	49 9f       	mul	r20, r25
     962:	30 0d       	add	r19, r0
     964:	11 24       	eor	r1, r1
     966:	36 95       	lsr	r19
     968:	27 95       	ror	r18
     96a:	36 95       	lsr	r19
     96c:	27 95       	ror	r18
     96e:	ab e7       	ldi	r26, 0x7B	; 123
     970:	b4 e1       	ldi	r27, 0x14	; 20
     972:	0e 94 26 13 	call	0x264c	; 0x264c <__umulhisi3>
     976:	96 95       	lsr	r25
     978:	87 95       	ror	r24
     97a:	9b bd       	out	0x2b, r25	; 43
     97c:	8a bd       	out	0x2a, r24	; 42
     97e:	86 b5       	in	r24, 0x26	; 38
     980:	97 b5       	in	r25, 0x27	; 39
     982:	48 9f       	mul	r20, r24
     984:	90 01       	movw	r18, r0
     986:	49 9f       	mul	r20, r25
     988:	30 0d       	add	r19, r0
     98a:	11 24       	eor	r1, r1
     98c:	36 95       	lsr	r19
     98e:	27 95       	ror	r18
     990:	36 95       	lsr	r19
     992:	27 95       	ror	r18
     994:	0e 94 26 13 	call	0x264c	; 0x264c <__umulhisi3>
     998:	96 95       	lsr	r25
     99a:	87 95       	ror	r24
     99c:	99 bd       	out	0x29, r25	; 41
     99e:	88 bd       	out	0x28, r24	; 40
     9a0:	df 91       	pop	r29
     9a2:	cf 91       	pop	r28
     9a4:	1f 91       	pop	r17
     9a6:	0f 91       	pop	r16
     9a8:	08 95       	ret

000009aa <print_verticle>:
     9aa:	0f 93       	push	r16
     9ac:	1f 93       	push	r17
     9ae:	cf 93       	push	r28
     9b0:	df 93       	push	r29
     9b2:	00 d0       	rcall	.+0      	; 0x9b4 <print_verticle+0xa>
     9b4:	1f 92       	push	r1
     9b6:	cd b7       	in	r28, 0x3d	; 61
     9b8:	de b7       	in	r29, 0x3e	; 62
     9ba:	60 e0       	ldi	r22, 0x00	; 0
     9bc:	80 e0       	ldi	r24, 0x00	; 0
     9be:	4a dc       	rcall	.-1900   	; 0x254 <i2c_lcd_goto_XY>
     9c0:	8d e4       	ldi	r24, 0x4D	; 77
     9c2:	91 e0       	ldi	r25, 0x01	; 1
     9c4:	4f dc       	rcall	.-1890   	; 0x264 <i2c_lcd_write_string>
     9c6:	60 e0       	ldi	r22, 0x00	; 0
     9c8:	81 e0       	ldi	r24, 0x01	; 1
     9ca:	44 dc       	rcall	.-1912   	; 0x254 <i2c_lcd_goto_XY>
     9cc:	80 91 96 01 	lds	r24, 0x0196	; 0x800196 <verticle+0x1>
     9d0:	8f 93       	push	r24
     9d2:	80 91 95 01 	lds	r24, 0x0195	; 0x800195 <verticle>
     9d6:	8f 93       	push	r24
     9d8:	86 e5       	ldi	r24, 0x56	; 86
     9da:	91 e0       	ldi	r25, 0x01	; 1
     9dc:	9f 93       	push	r25
     9de:	8f 93       	push	r24
     9e0:	8e 01       	movw	r16, r28
     9e2:	0f 5f       	subi	r16, 0xFF	; 255
     9e4:	1f 4f       	sbci	r17, 0xFF	; 255
     9e6:	1f 93       	push	r17
     9e8:	0f 93       	push	r16
     9ea:	0e 94 81 13 	call	0x2702	; 0x2702 <sprintf>
     9ee:	c8 01       	movw	r24, r16
     9f0:	39 dc       	rcall	.-1934   	; 0x264 <i2c_lcd_write_string>
     9f2:	0f 90       	pop	r0
     9f4:	0f 90       	pop	r0
     9f6:	0f 90       	pop	r0
     9f8:	0f 90       	pop	r0
     9fa:	0f 90       	pop	r0
     9fc:	0f 90       	pop	r0
     9fe:	0f 90       	pop	r0
     a00:	0f 90       	pop	r0
     a02:	0f 90       	pop	r0
     a04:	df 91       	pop	r29
     a06:	cf 91       	pop	r28
     a08:	1f 91       	pop	r17
     a0a:	0f 91       	pop	r16
     a0c:	08 95       	ret

00000a0e <rotate_ccw>:
     a0e:	ac 01       	movw	r20, r24
     a10:	88 b3       	in	r24, 0x18	; 24
     a12:	80 7f       	andi	r24, 0xF0	; 240
     a14:	89 60       	ori	r24, 0x09	; 9
     a16:	88 bb       	out	0x18, r24	; 24
     a18:	86 b5       	in	r24, 0x26	; 38
     a1a:	97 b5       	in	r25, 0x27	; 39
     a1c:	ee e1       	ldi	r30, 0x1E	; 30
     a1e:	e8 9f       	mul	r30, r24
     a20:	90 01       	movw	r18, r0
     a22:	e9 9f       	mul	r30, r25
     a24:	30 0d       	add	r19, r0
     a26:	11 24       	eor	r1, r1
     a28:	36 95       	lsr	r19
     a2a:	27 95       	ror	r18
     a2c:	36 95       	lsr	r19
     a2e:	27 95       	ror	r18
     a30:	ab e7       	ldi	r26, 0x7B	; 123
     a32:	b4 e1       	ldi	r27, 0x14	; 20
     a34:	0e 94 26 13 	call	0x264c	; 0x264c <__umulhisi3>
     a38:	96 95       	lsr	r25
     a3a:	87 95       	ror	r24
     a3c:	9b bd       	out	0x2b, r25	; 43
     a3e:	8a bd       	out	0x2a, r24	; 42
     a40:	86 b5       	in	r24, 0x26	; 38
     a42:	97 b5       	in	r25, 0x27	; 39
     a44:	e8 9f       	mul	r30, r24
     a46:	90 01       	movw	r18, r0
     a48:	e9 9f       	mul	r30, r25
     a4a:	30 0d       	add	r19, r0
     a4c:	11 24       	eor	r1, r1
     a4e:	36 95       	lsr	r19
     a50:	27 95       	ror	r18
     a52:	36 95       	lsr	r19
     a54:	27 95       	ror	r18
     a56:	0e 94 26 13 	call	0x264c	; 0x264c <__umulhisi3>
     a5a:	96 95       	lsr	r25
     a5c:	87 95       	ror	r24
     a5e:	99 bd       	out	0x29, r25	; 41
     a60:	88 bd       	out	0x28, r24	; 40
     a62:	80 e0       	ldi	r24, 0x00	; 0
     a64:	90 e0       	ldi	r25, 0x00	; 0
     a66:	07 c0       	rjmp	.+14     	; 0xa76 <rotate_ccw+0x68>
     a68:	ef e3       	ldi	r30, 0x3F	; 63
     a6a:	fc e9       	ldi	r31, 0x9C	; 156
     a6c:	31 97       	sbiw	r30, 0x01	; 1
     a6e:	f1 f7       	brne	.-4      	; 0xa6c <rotate_ccw+0x5e>
     a70:	00 c0       	rjmp	.+0      	; 0xa72 <rotate_ccw+0x64>
     a72:	00 00       	nop
     a74:	0a 96       	adiw	r24, 0x0a	; 10
     a76:	84 17       	cp	r24, r20
     a78:	95 07       	cpc	r25, r21
     a7a:	b0 f3       	brcs	.-20     	; 0xa68 <rotate_ccw+0x5a>
     a7c:	1b bc       	out	0x2b, r1	; 43
     a7e:	1a bc       	out	0x2a, r1	; 42
     a80:	19 bc       	out	0x29, r1	; 41
     a82:	18 bc       	out	0x28, r1	; 40
     a84:	08 95       	ret

00000a86 <line_tracing>:
     a86:	cf 92       	push	r12
     a88:	df 92       	push	r13
     a8a:	ef 92       	push	r14
     a8c:	ff 92       	push	r15
     a8e:	0f 93       	push	r16
     a90:	1f 93       	push	r17
     a92:	cf 93       	push	r28
     a94:	df 93       	push	r29
     a96:	2e dd       	rcall	.-1444   	; 0x4f4 <value_move>
     a98:	02 e0       	ldi	r16, 0x02	; 2
     a9a:	10 e0       	ldi	r17, 0x00	; 0
     a9c:	4c c0       	rjmp	.+152    	; 0xb36 <line_tracing+0xb0>
     a9e:	c8 01       	movw	r24, r16
     aa0:	1f dd       	rcall	.-1474   	; 0x4e0 <read_adc>
     aa2:	e8 01       	movw	r28, r16
     aa4:	22 97       	sbiw	r28, 0x02	; 2
     aa6:	ae 01       	movw	r20, r28
     aa8:	44 0f       	add	r20, r20
     aaa:	55 1f       	adc	r21, r21
     aac:	fa 01       	movw	r30, r20
     aae:	e7 56       	subi	r30, 0x67	; 103
     ab0:	fe 4f       	sbci	r31, 0xFE	; 254
     ab2:	91 83       	std	Z+1, r25	; 0x01
     ab4:	80 83       	st	Z, r24
     ab6:	fa 01       	movw	r30, r20
     ab8:	e7 53       	subi	r30, 0x37	; 55
     aba:	fe 4f       	sbci	r31, 0xFE	; 254
     abc:	01 90       	ld	r0, Z+
     abe:	f0 81       	ld	r31, Z
     ac0:	e0 2d       	mov	r30, r0
     ac2:	da 01       	movw	r26, r20
     ac4:	a7 5e       	subi	r26, 0xE7	; 231
     ac6:	be 4f       	sbci	r27, 0xFE	; 254
     ac8:	ed 90       	ld	r14, X+
     aca:	fc 90       	ld	r15, X
     acc:	ee 15       	cp	r30, r14
     ace:	ff 05       	cpc	r31, r15
     ad0:	19 f0       	breq	.+6      	; 0xad8 <line_tracing+0x52>
     ad2:	ee 19       	sub	r30, r14
     ad4:	ff 09       	sbc	r31, r15
     ad6:	02 c0       	rjmp	.+4      	; 0xadc <line_tracing+0x56>
     ad8:	e1 e0       	ldi	r30, 0x01	; 1
     ada:	f0 e0       	ldi	r31, 0x00	; 0
     adc:	de 01       	movw	r26, r28
     ade:	16 96       	adiw	r26, 0x06	; 6
     ae0:	aa 0f       	add	r26, r26
     ae2:	bb 1f       	adc	r27, r27
     ae4:	a7 56       	subi	r26, 0x67	; 103
     ae6:	be 4f       	sbci	r27, 0xFE	; 254
     ae8:	2d 91       	ld	r18, X+
     aea:	3c 91       	ld	r19, X
     aec:	82 0f       	add	r24, r18
     aee:	93 1f       	adc	r25, r19
     af0:	de 01       	movw	r26, r28
     af2:	1c 96       	adiw	r26, 0x0c	; 12
     af4:	aa 0f       	add	r26, r26
     af6:	bb 1f       	adc	r27, r27
     af8:	a7 56       	subi	r26, 0x67	; 103
     afa:	be 4f       	sbci	r27, 0xFE	; 254
     afc:	2d 91       	ld	r18, X+
     afe:	3c 91       	ld	r19, X
     b00:	82 0f       	add	r24, r18
     b02:	93 1f       	adc	r25, r19
     b04:	63 e0       	ldi	r22, 0x03	; 3
     b06:	70 e0       	ldi	r23, 0x00	; 0
     b08:	0e 94 ee 12 	call	0x25dc	; 0x25dc <__divmodhi4>
     b0c:	db 01       	movw	r26, r22
     b0e:	ae 19       	sub	r26, r14
     b10:	bf 09       	sbc	r27, r15
     b12:	24 e6       	ldi	r18, 0x64	; 100
     b14:	30 e0       	ldi	r19, 0x00	; 0
     b16:	0e 94 35 13 	call	0x266a	; 0x266a <__usmulhisi3>
     b1a:	9f 01       	movw	r18, r30
     b1c:	ff 0f       	add	r31, r31
     b1e:	44 0b       	sbc	r20, r20
     b20:	55 0b       	sbc	r21, r21
     b22:	0e 94 01 13 	call	0x2602	; 0x2602 <__divmodsi4>
     b26:	cc 0f       	add	r28, r28
     b28:	dd 1f       	adc	r29, r29
     b2a:	c7 52       	subi	r28, 0x27	; 39
     b2c:	de 4f       	sbci	r29, 0xFE	; 254
     b2e:	39 83       	std	Y+1, r19	; 0x01
     b30:	28 83       	st	Y, r18
     b32:	0f 5f       	subi	r16, 0xFF	; 255
     b34:	1f 4f       	sbci	r17, 0xFF	; 255
     b36:	08 30       	cpi	r16, 0x08	; 8
     b38:	11 05       	cpc	r17, r1
     b3a:	0c f4       	brge	.+2      	; 0xb3e <line_tracing+0xb8>
     b3c:	b0 cf       	rjmp	.-160    	; 0xa9e <line_tracing+0x18>
     b3e:	82 e0       	ldi	r24, 0x02	; 2
     b40:	90 e0       	ldi	r25, 0x00	; 0
     b42:	28 c0       	rjmp	.+80     	; 0xb94 <line_tracing+0x10e>
     b44:	fc 01       	movw	r30, r24
     b46:	32 97       	sbiw	r30, 0x02	; 2
     b48:	ee 0f       	add	r30, r30
     b4a:	ff 1f       	adc	r31, r31
     b4c:	e7 52       	subi	r30, 0x27	; 39
     b4e:	fe 4f       	sbci	r31, 0xFE	; 254
     b50:	20 81       	ld	r18, Z
     b52:	31 81       	ldd	r19, Z+1	; 0x01
     b54:	22 33       	cpi	r18, 0x32	; 50
     b56:	31 05       	cpc	r19, r1
     b58:	7c f4       	brge	.+30     	; 0xb78 <line_tracing+0xf2>
     b5a:	4b b3       	in	r20, 0x1b	; 27
     b5c:	bc 01       	movw	r22, r24
     b5e:	61 50       	subi	r22, 0x01	; 1
     b60:	71 09       	sbc	r23, r1
     b62:	21 e0       	ldi	r18, 0x01	; 1
     b64:	30 e0       	ldi	r19, 0x00	; 0
     b66:	02 c0       	rjmp	.+4      	; 0xb6c <line_tracing+0xe6>
     b68:	22 0f       	add	r18, r18
     b6a:	33 1f       	adc	r19, r19
     b6c:	6a 95       	dec	r22
     b6e:	e2 f7       	brpl	.-8      	; 0xb68 <line_tracing+0xe2>
     b70:	20 95       	com	r18
     b72:	24 23       	and	r18, r20
     b74:	2b bb       	out	0x1b, r18	; 27
     b76:	0d c0       	rjmp	.+26     	; 0xb92 <line_tracing+0x10c>
     b78:	4b b3       	in	r20, 0x1b	; 27
     b7a:	bc 01       	movw	r22, r24
     b7c:	61 50       	subi	r22, 0x01	; 1
     b7e:	71 09       	sbc	r23, r1
     b80:	21 e0       	ldi	r18, 0x01	; 1
     b82:	30 e0       	ldi	r19, 0x00	; 0
     b84:	02 c0       	rjmp	.+4      	; 0xb8a <line_tracing+0x104>
     b86:	22 0f       	add	r18, r18
     b88:	33 1f       	adc	r19, r19
     b8a:	6a 95       	dec	r22
     b8c:	e2 f7       	brpl	.-8      	; 0xb86 <line_tracing+0x100>
     b8e:	24 2b       	or	r18, r20
     b90:	2b bb       	out	0x1b, r18	; 27
     b92:	01 96       	adiw	r24, 0x01	; 1
     b94:	88 30       	cpi	r24, 0x08	; 8
     b96:	91 05       	cpc	r25, r1
     b98:	ac f2       	brlt	.-86     	; 0xb44 <line_tracing+0xbe>
     b9a:	10 92 98 01 	sts	0x0198, r1	; 0x800198 <weight_sum+0x1>
     b9e:	10 92 97 01 	sts	0x0197, r1	; 0x800197 <weight_sum>
     ba2:	20 e0       	ldi	r18, 0x00	; 0
     ba4:	30 e0       	ldi	r19, 0x00	; 0
     ba6:	c0 e0       	ldi	r28, 0x00	; 0
     ba8:	d0 e0       	ldi	r29, 0x00	; 0
     baa:	24 c0       	rjmp	.+72     	; 0xbf4 <line_tracing+0x16e>
     bac:	c9 01       	movw	r24, r18
     bae:	88 0f       	add	r24, r24
     bb0:	99 1f       	adc	r25, r25
     bb2:	fc 01       	movw	r30, r24
     bb4:	e7 52       	subi	r30, 0x27	; 39
     bb6:	fe 4f       	sbci	r31, 0xFE	; 254
     bb8:	40 81       	ld	r20, Z
     bba:	51 81       	ldd	r21, Z+1	; 0x01
     bbc:	fc 01       	movw	r30, r24
     bbe:	ef 5f       	subi	r30, 0xFF	; 255
     bc0:	fe 4f       	sbci	r31, 0xFE	; 254
     bc2:	60 81       	ld	r22, Z
     bc4:	71 81       	ldd	r23, Z+1	; 0x01
     bc6:	46 9f       	mul	r20, r22
     bc8:	c0 01       	movw	r24, r0
     bca:	47 9f       	mul	r20, r23
     bcc:	90 0d       	add	r25, r0
     bce:	56 9f       	mul	r21, r22
     bd0:	90 0d       	add	r25, r0
     bd2:	11 24       	eor	r1, r1
     bd4:	60 91 97 01 	lds	r22, 0x0197	; 0x800197 <weight_sum>
     bd8:	70 91 98 01 	lds	r23, 0x0198	; 0x800198 <weight_sum+0x1>
     bdc:	86 0f       	add	r24, r22
     bde:	97 1f       	adc	r25, r23
     be0:	90 93 98 01 	sts	0x0198, r25	; 0x800198 <weight_sum+0x1>
     be4:	80 93 97 01 	sts	0x0197, r24	; 0x800197 <weight_sum>
     be8:	42 33       	cpi	r20, 0x32	; 50
     bea:	51 05       	cpc	r21, r1
     bec:	0c f4       	brge	.+2      	; 0xbf0 <line_tracing+0x16a>
     bee:	21 96       	adiw	r28, 0x01	; 1
     bf0:	2f 5f       	subi	r18, 0xFF	; 255
     bf2:	3f 4f       	sbci	r19, 0xFF	; 255
     bf4:	26 30       	cpi	r18, 0x06	; 6
     bf6:	31 05       	cpc	r19, r1
     bf8:	cc f2       	brlt	.-78     	; 0xbac <line_tracing+0x126>
     bfa:	27 dd       	rcall	.-1458   	; 0x64a <in_5verticle>
     bfc:	80 91 95 01 	lds	r24, 0x0195	; 0x800195 <verticle>
     c00:	90 91 96 01 	lds	r25, 0x0196	; 0x800196 <verticle+0x1>
     c04:	01 97       	sbiw	r24, 0x01	; 1
     c06:	02 97       	sbiw	r24, 0x02	; 2
     c08:	30 f4       	brcc	.+12     	; 0xc16 <line_tracing+0x190>
     c0a:	c6 30       	cpi	r28, 0x06	; 6
     c0c:	d1 05       	cpc	r29, r1
     c0e:	19 f4       	brne	.+6      	; 0xc16 <line_tracing+0x190>
     c10:	8c e2       	ldi	r24, 0x2C	; 44
     c12:	91 e0       	ldi	r25, 0x01	; 1
     c14:	fc de       	rcall	.-520    	; 0xa0e <rotate_ccw>
     c16:	80 91 95 01 	lds	r24, 0x0195	; 0x800195 <verticle>
     c1a:	90 91 96 01 	lds	r25, 0x0196	; 0x800196 <verticle+0x1>
     c1e:	03 97       	sbiw	r24, 0x03	; 3
     c20:	31 f4       	brne	.+12     	; 0xc2e <line_tracing+0x1a8>
     c22:	c5 30       	cpi	r28, 0x05	; 5
     c24:	d1 05       	cpc	r29, r1
     c26:	19 f4       	brne	.+6      	; 0xc2e <line_tracing+0x1a8>
     c28:	88 ec       	ldi	r24, 0xC8	; 200
     c2a:	90 e0       	ldi	r25, 0x00	; 0
     c2c:	f0 de       	rcall	.-544    	; 0xa0e <rotate_ccw>
     c2e:	1c 16       	cp	r1, r28
     c30:	1d 06       	cpc	r1, r29
     c32:	84 f4       	brge	.+32     	; 0xc54 <line_tracing+0x1ce>
     c34:	80 91 97 01 	lds	r24, 0x0197	; 0x800197 <weight_sum>
     c38:	90 91 98 01 	lds	r25, 0x0198	; 0x800198 <weight_sum+0x1>
     c3c:	00 97       	sbiw	r24, 0x00	; 0
     c3e:	51 f0       	breq	.+20     	; 0xc54 <line_tracing+0x1ce>
     c40:	1c f0       	brlt	.+6      	; 0xc48 <line_tracing+0x1c2>
     c42:	81 e0       	ldi	r24, 0x01	; 1
     c44:	90 e0       	ldi	r25, 0x00	; 0
     c46:	02 c0       	rjmp	.+4      	; 0xc4c <line_tracing+0x1c6>
     c48:	8f ef       	ldi	r24, 0xFF	; 255
     c4a:	9f ef       	ldi	r25, 0xFF	; 255
     c4c:	90 93 87 01 	sts	0x0187, r25	; 0x800187 <last_dir.2278+0x1>
     c50:	80 93 86 01 	sts	0x0186, r24	; 0x800186 <last_dir.2278>
     c54:	cd 2b       	or	r28, r29
     c56:	99 f5       	brne	.+102    	; 0xcbe <line_tracing+0x238>
     c58:	86 b5       	in	r24, 0x26	; 38
     c5a:	97 b5       	in	r25, 0x27	; 39
     c5c:	a0 e0       	ldi	r26, 0x00	; 0
     c5e:	b0 e0       	ldi	r27, 0x00	; 0
     c60:	ac 01       	movw	r20, r24
     c62:	bd 01       	movw	r22, r26
     c64:	44 0f       	add	r20, r20
     c66:	55 1f       	adc	r21, r21
     c68:	66 1f       	adc	r22, r22
     c6a:	77 1f       	adc	r23, r23
     c6c:	44 0f       	add	r20, r20
     c6e:	55 1f       	adc	r21, r21
     c70:	66 1f       	adc	r22, r22
     c72:	77 1f       	adc	r23, r23
     c74:	84 0f       	add	r24, r20
     c76:	95 1f       	adc	r25, r21
     c78:	a6 1f       	adc	r26, r22
     c7a:	b7 1f       	adc	r27, r23
     c7c:	ac 01       	movw	r20, r24
     c7e:	bd 01       	movw	r22, r26
     c80:	44 0f       	add	r20, r20
     c82:	55 1f       	adc	r21, r21
     c84:	66 1f       	adc	r22, r22
     c86:	77 1f       	adc	r23, r23
     c88:	44 0f       	add	r20, r20
     c8a:	55 1f       	adc	r21, r21
     c8c:	66 1f       	adc	r22, r22
     c8e:	77 1f       	adc	r23, r23
     c90:	8c 01       	movw	r16, r24
     c92:	9d 01       	movw	r18, r26
     c94:	04 0f       	add	r16, r20
     c96:	15 1f       	adc	r17, r21
     c98:	26 1f       	adc	r18, r22
     c9a:	37 1f       	adc	r19, r23
     c9c:	c9 01       	movw	r24, r18
     c9e:	b8 01       	movw	r22, r16
     ca0:	24 e6       	ldi	r18, 0x64	; 100
     ca2:	30 e0       	ldi	r19, 0x00	; 0
     ca4:	40 e0       	ldi	r20, 0x00	; 0
     ca6:	50 e0       	ldi	r21, 0x00	; 0
     ca8:	0e 94 01 13 	call	0x2602	; 0x2602 <__divmodsi4>
     cac:	a0 91 86 01 	lds	r26, 0x0186	; 0x800186 <last_dir.2278>
     cb0:	b0 91 87 01 	lds	r27, 0x0187	; 0x800187 <last_dir.2278+0x1>
     cb4:	0e 94 3b 13 	call	0x2676	; 0x2676 <__mulshisi3>
     cb8:	6b 01       	movw	r12, r22
     cba:	7c 01       	movw	r14, r24
     cbc:	38 c0       	rjmp	.+112    	; 0xd2e <line_tracing+0x2a8>
     cbe:	86 b5       	in	r24, 0x26	; 38
     cc0:	97 b5       	in	r25, 0x27	; 39
     cc2:	a0 e0       	ldi	r26, 0x00	; 0
     cc4:	b0 e0       	ldi	r27, 0x00	; 0
     cc6:	ac 01       	movw	r20, r24
     cc8:	bd 01       	movw	r22, r26
     cca:	44 0f       	add	r20, r20
     ccc:	55 1f       	adc	r21, r21
     cce:	66 1f       	adc	r22, r22
     cd0:	77 1f       	adc	r23, r23
     cd2:	44 0f       	add	r20, r20
     cd4:	55 1f       	adc	r21, r21
     cd6:	66 1f       	adc	r22, r22
     cd8:	77 1f       	adc	r23, r23
     cda:	84 0f       	add	r24, r20
     cdc:	95 1f       	adc	r25, r21
     cde:	a6 1f       	adc	r26, r22
     ce0:	b7 1f       	adc	r27, r23
     ce2:	ac 01       	movw	r20, r24
     ce4:	bd 01       	movw	r22, r26
     ce6:	44 0f       	add	r20, r20
     ce8:	55 1f       	adc	r21, r21
     cea:	66 1f       	adc	r22, r22
     cec:	77 1f       	adc	r23, r23
     cee:	44 0f       	add	r20, r20
     cf0:	55 1f       	adc	r21, r21
     cf2:	66 1f       	adc	r22, r22
     cf4:	77 1f       	adc	r23, r23
     cf6:	8c 01       	movw	r16, r24
     cf8:	9d 01       	movw	r18, r26
     cfa:	04 0f       	add	r16, r20
     cfc:	15 1f       	adc	r17, r21
     cfe:	26 1f       	adc	r18, r22
     d00:	37 1f       	adc	r19, r23
     d02:	c9 01       	movw	r24, r18
     d04:	b8 01       	movw	r22, r16
     d06:	24 e6       	ldi	r18, 0x64	; 100
     d08:	30 e0       	ldi	r19, 0x00	; 0
     d0a:	40 e0       	ldi	r20, 0x00	; 0
     d0c:	50 e0       	ldi	r21, 0x00	; 0
     d0e:	0e 94 01 13 	call	0x2602	; 0x2602 <__divmodsi4>
     d12:	a0 91 97 01 	lds	r26, 0x0197	; 0x800197 <weight_sum>
     d16:	b0 91 98 01 	lds	r27, 0x0198	; 0x800198 <weight_sum+0x1>
     d1a:	0e 94 3b 13 	call	0x2676	; 0x2676 <__mulshisi3>
     d1e:	20 e2       	ldi	r18, 0x20	; 32
     d20:	33 e0       	ldi	r19, 0x03	; 3
     d22:	40 e0       	ldi	r20, 0x00	; 0
     d24:	50 e0       	ldi	r21, 0x00	; 0
     d26:	0e 94 01 13 	call	0x2602	; 0x2602 <__divmodsi4>
     d2a:	69 01       	movw	r12, r18
     d2c:	7a 01       	movw	r14, r20
     d2e:	86 b5       	in	r24, 0x26	; 38
     d30:	97 b5       	in	r25, 0x27	; 39
     d32:	44 e1       	ldi	r20, 0x14	; 20
     d34:	48 9f       	mul	r20, r24
     d36:	90 01       	movw	r18, r0
     d38:	49 9f       	mul	r20, r25
     d3a:	30 0d       	add	r19, r0
     d3c:	11 24       	eor	r1, r1
     d3e:	36 95       	lsr	r19
     d40:	27 95       	ror	r18
     d42:	36 95       	lsr	r19
     d44:	27 95       	ror	r18
     d46:	ab e7       	ldi	r26, 0x7B	; 123
     d48:	b4 e1       	ldi	r27, 0x14	; 20
     d4a:	0e 94 26 13 	call	0x264c	; 0x264c <__umulhisi3>
     d4e:	bc 01       	movw	r22, r24
     d50:	76 95       	lsr	r23
     d52:	67 95       	ror	r22
     d54:	20 91 27 01 	lds	r18, 0x0127	; 0x800127 <base_speed>
     d58:	30 91 28 01 	lds	r19, 0x0128	; 0x800128 <base_speed+0x1>
     d5c:	a9 01       	movw	r20, r18
     d5e:	4c 0d       	add	r20, r12
     d60:	5d 1d       	adc	r21, r13
     d62:	2c 19       	sub	r18, r12
     d64:	3d 09       	sbc	r19, r13
     d66:	46 17       	cp	r20, r22
     d68:	57 07       	cpc	r21, r23
     d6a:	34 f4       	brge	.+12     	; 0xd78 <line_tracing+0x2f2>
     d6c:	cb 01       	movw	r24, r22
     d6e:	84 1b       	sub	r24, r20
     d70:	95 0b       	sbc	r25, r21
     d72:	ac 01       	movw	r20, r24
     d74:	92 e0       	ldi	r25, 0x02	; 2
     d76:	01 c0       	rjmp	.+2      	; 0xd7a <line_tracing+0x2f4>
     d78:	91 e0       	ldi	r25, 0x01	; 1
     d7a:	e6 b5       	in	r30, 0x26	; 38
     d7c:	f7 b5       	in	r31, 0x27	; 39
     d7e:	e4 17       	cp	r30, r20
     d80:	f5 07       	cpc	r31, r21
     d82:	10 f4       	brcc	.+4      	; 0xd88 <line_tracing+0x302>
     d84:	46 b5       	in	r20, 0x26	; 38
     d86:	57 b5       	in	r21, 0x27	; 39
     d88:	26 17       	cp	r18, r22
     d8a:	37 07       	cpc	r19, r23
     d8c:	34 f4       	brge	.+12     	; 0xd9a <line_tracing+0x314>
     d8e:	98 60       	ori	r25, 0x08	; 8
     d90:	fb 01       	movw	r30, r22
     d92:	e2 1b       	sub	r30, r18
     d94:	f3 0b       	sbc	r31, r19
     d96:	9f 01       	movw	r18, r30
     d98:	01 c0       	rjmp	.+2      	; 0xd9c <line_tracing+0x316>
     d9a:	94 60       	ori	r25, 0x04	; 4
     d9c:	66 b5       	in	r22, 0x26	; 38
     d9e:	77 b5       	in	r23, 0x27	; 39
     da0:	62 17       	cp	r22, r18
     da2:	73 07       	cpc	r23, r19
     da4:	10 f4       	brcc	.+4      	; 0xdaa <line_tracing+0x324>
     da6:	26 b5       	in	r18, 0x26	; 38
     da8:	37 b5       	in	r19, 0x27	; 39
     daa:	88 b3       	in	r24, 0x18	; 24
     dac:	80 7f       	andi	r24, 0xF0	; 240
     dae:	89 2b       	or	r24, r25
     db0:	88 bb       	out	0x18, r24	; 24
     db2:	5b bd       	out	0x2b, r21	; 43
     db4:	4a bd       	out	0x2a, r20	; 42
     db6:	39 bd       	out	0x29, r19	; 41
     db8:	28 bd       	out	0x28, r18	; 40
     dba:	df 91       	pop	r29
     dbc:	cf 91       	pop	r28
     dbe:	1f 91       	pop	r17
     dc0:	0f 91       	pop	r16
     dc2:	ff 90       	pop	r15
     dc4:	ef 90       	pop	r14
     dc6:	df 90       	pop	r13
     dc8:	cf 90       	pop	r12
     dca:	08 95       	ret

00000dcc <line_tracing2>:
     dcc:	cf 92       	push	r12
     dce:	df 92       	push	r13
     dd0:	ef 92       	push	r14
     dd2:	ff 92       	push	r15
     dd4:	0f 93       	push	r16
     dd6:	1f 93       	push	r17
     dd8:	cf 93       	push	r28
     dda:	df 93       	push	r29
     ddc:	00 d0       	rcall	.+0      	; 0xdde <line_tracing2+0x12>
     dde:	1f 92       	push	r1
     de0:	cd b7       	in	r28, 0x3d	; 61
     de2:	de b7       	in	r29, 0x3e	; 62
     de4:	87 db       	rcall	.-2290   	; 0x4f4 <value_move>
     de6:	68 94       	set
     de8:	ee 24       	eor	r14, r14
     dea:	e1 f8       	bld	r14, 1
     dec:	f1 2c       	mov	r15, r1
     dee:	4f c0       	rjmp	.+158    	; 0xe8e <line_tracing2+0xc2>
     df0:	c7 01       	movw	r24, r14
     df2:	76 db       	rcall	.-2324   	; 0x4e0 <read_adc>
     df4:	87 01       	movw	r16, r14
     df6:	02 50       	subi	r16, 0x02	; 2
     df8:	11 09       	sbc	r17, r1
     dfa:	a8 01       	movw	r20, r16
     dfc:	44 0f       	add	r20, r20
     dfe:	55 1f       	adc	r21, r21
     e00:	fa 01       	movw	r30, r20
     e02:	e7 56       	subi	r30, 0x67	; 103
     e04:	fe 4f       	sbci	r31, 0xFE	; 254
     e06:	91 83       	std	Z+1, r25	; 0x01
     e08:	80 83       	st	Z, r24
     e0a:	fa 01       	movw	r30, r20
     e0c:	e7 53       	subi	r30, 0x37	; 55
     e0e:	fe 4f       	sbci	r31, 0xFE	; 254
     e10:	01 90       	ld	r0, Z+
     e12:	f0 81       	ld	r31, Z
     e14:	e0 2d       	mov	r30, r0
     e16:	da 01       	movw	r26, r20
     e18:	a7 5e       	subi	r26, 0xE7	; 231
     e1a:	be 4f       	sbci	r27, 0xFE	; 254
     e1c:	cd 90       	ld	r12, X+
     e1e:	dc 90       	ld	r13, X
     e20:	ec 15       	cp	r30, r12
     e22:	fd 05       	cpc	r31, r13
     e24:	19 f0       	breq	.+6      	; 0xe2c <line_tracing2+0x60>
     e26:	ec 19       	sub	r30, r12
     e28:	fd 09       	sbc	r31, r13
     e2a:	02 c0       	rjmp	.+4      	; 0xe30 <line_tracing2+0x64>
     e2c:	e1 e0       	ldi	r30, 0x01	; 1
     e2e:	f0 e0       	ldi	r31, 0x00	; 0
     e30:	d8 01       	movw	r26, r16
     e32:	16 96       	adiw	r26, 0x06	; 6
     e34:	aa 0f       	add	r26, r26
     e36:	bb 1f       	adc	r27, r27
     e38:	a7 56       	subi	r26, 0x67	; 103
     e3a:	be 4f       	sbci	r27, 0xFE	; 254
     e3c:	2d 91       	ld	r18, X+
     e3e:	3c 91       	ld	r19, X
     e40:	82 0f       	add	r24, r18
     e42:	93 1f       	adc	r25, r19
     e44:	d8 01       	movw	r26, r16
     e46:	1c 96       	adiw	r26, 0x0c	; 12
     e48:	aa 0f       	add	r26, r26
     e4a:	bb 1f       	adc	r27, r27
     e4c:	a7 56       	subi	r26, 0x67	; 103
     e4e:	be 4f       	sbci	r27, 0xFE	; 254
     e50:	2d 91       	ld	r18, X+
     e52:	3c 91       	ld	r19, X
     e54:	82 0f       	add	r24, r18
     e56:	93 1f       	adc	r25, r19
     e58:	63 e0       	ldi	r22, 0x03	; 3
     e5a:	70 e0       	ldi	r23, 0x00	; 0
     e5c:	0e 94 ee 12 	call	0x25dc	; 0x25dc <__divmodhi4>
     e60:	db 01       	movw	r26, r22
     e62:	ac 19       	sub	r26, r12
     e64:	bd 09       	sbc	r27, r13
     e66:	24 e6       	ldi	r18, 0x64	; 100
     e68:	30 e0       	ldi	r19, 0x00	; 0
     e6a:	0e 94 35 13 	call	0x266a	; 0x266a <__usmulhisi3>
     e6e:	9f 01       	movw	r18, r30
     e70:	ff 0f       	add	r31, r31
     e72:	44 0b       	sbc	r20, r20
     e74:	55 0b       	sbc	r21, r21
     e76:	0e 94 01 13 	call	0x2602	; 0x2602 <__divmodsi4>
     e7a:	00 0f       	add	r16, r16
     e7c:	11 1f       	adc	r17, r17
     e7e:	f8 01       	movw	r30, r16
     e80:	e7 52       	subi	r30, 0x27	; 39
     e82:	fe 4f       	sbci	r31, 0xFE	; 254
     e84:	31 83       	std	Z+1, r19	; 0x01
     e86:	20 83       	st	Z, r18
     e88:	0f ef       	ldi	r16, 0xFF	; 255
     e8a:	e0 1a       	sub	r14, r16
     e8c:	f0 0a       	sbc	r15, r16
     e8e:	18 e0       	ldi	r17, 0x08	; 8
     e90:	e1 16       	cp	r14, r17
     e92:	f1 04       	cpc	r15, r1
     e94:	0c f4       	brge	.+2      	; 0xe98 <line_tracing2+0xcc>
     e96:	ac cf       	rjmp	.-168    	; 0xdf0 <line_tracing2+0x24>
     e98:	82 e0       	ldi	r24, 0x02	; 2
     e9a:	90 e0       	ldi	r25, 0x00	; 0
     e9c:	28 c0       	rjmp	.+80     	; 0xeee <line_tracing2+0x122>
     e9e:	fc 01       	movw	r30, r24
     ea0:	32 97       	sbiw	r30, 0x02	; 2
     ea2:	ee 0f       	add	r30, r30
     ea4:	ff 1f       	adc	r31, r31
     ea6:	e7 52       	subi	r30, 0x27	; 39
     ea8:	fe 4f       	sbci	r31, 0xFE	; 254
     eaa:	20 81       	ld	r18, Z
     eac:	31 81       	ldd	r19, Z+1	; 0x01
     eae:	22 33       	cpi	r18, 0x32	; 50
     eb0:	31 05       	cpc	r19, r1
     eb2:	7c f4       	brge	.+30     	; 0xed2 <line_tracing2+0x106>
     eb4:	4b b3       	in	r20, 0x1b	; 27
     eb6:	bc 01       	movw	r22, r24
     eb8:	61 50       	subi	r22, 0x01	; 1
     eba:	71 09       	sbc	r23, r1
     ebc:	21 e0       	ldi	r18, 0x01	; 1
     ebe:	30 e0       	ldi	r19, 0x00	; 0
     ec0:	02 c0       	rjmp	.+4      	; 0xec6 <line_tracing2+0xfa>
     ec2:	22 0f       	add	r18, r18
     ec4:	33 1f       	adc	r19, r19
     ec6:	6a 95       	dec	r22
     ec8:	e2 f7       	brpl	.-8      	; 0xec2 <line_tracing2+0xf6>
     eca:	20 95       	com	r18
     ecc:	24 23       	and	r18, r20
     ece:	2b bb       	out	0x1b, r18	; 27
     ed0:	0d c0       	rjmp	.+26     	; 0xeec <line_tracing2+0x120>
     ed2:	4b b3       	in	r20, 0x1b	; 27
     ed4:	bc 01       	movw	r22, r24
     ed6:	61 50       	subi	r22, 0x01	; 1
     ed8:	71 09       	sbc	r23, r1
     eda:	21 e0       	ldi	r18, 0x01	; 1
     edc:	30 e0       	ldi	r19, 0x00	; 0
     ede:	02 c0       	rjmp	.+4      	; 0xee4 <line_tracing2+0x118>
     ee0:	22 0f       	add	r18, r18
     ee2:	33 1f       	adc	r19, r19
     ee4:	6a 95       	dec	r22
     ee6:	e2 f7       	brpl	.-8      	; 0xee0 <line_tracing2+0x114>
     ee8:	24 2b       	or	r18, r20
     eea:	2b bb       	out	0x1b, r18	; 27
     eec:	01 96       	adiw	r24, 0x01	; 1
     eee:	88 30       	cpi	r24, 0x08	; 8
     ef0:	91 05       	cpc	r25, r1
     ef2:	ac f2       	brlt	.-86     	; 0xe9e <line_tracing2+0xd2>
     ef4:	10 92 98 01 	sts	0x0198, r1	; 0x800198 <weight_sum+0x1>
     ef8:	10 92 97 01 	sts	0x0197, r1	; 0x800197 <weight_sum>
     efc:	20 e0       	ldi	r18, 0x00	; 0
     efe:	30 e0       	ldi	r19, 0x00	; 0
     f00:	00 e0       	ldi	r16, 0x00	; 0
     f02:	10 e0       	ldi	r17, 0x00	; 0
     f04:	25 c0       	rjmp	.+74     	; 0xf50 <line_tracing2+0x184>
     f06:	c9 01       	movw	r24, r18
     f08:	88 0f       	add	r24, r24
     f0a:	99 1f       	adc	r25, r25
     f0c:	fc 01       	movw	r30, r24
     f0e:	e7 52       	subi	r30, 0x27	; 39
     f10:	fe 4f       	sbci	r31, 0xFE	; 254
     f12:	40 81       	ld	r20, Z
     f14:	51 81       	ldd	r21, Z+1	; 0x01
     f16:	fc 01       	movw	r30, r24
     f18:	ef 5f       	subi	r30, 0xFF	; 255
     f1a:	fe 4f       	sbci	r31, 0xFE	; 254
     f1c:	60 81       	ld	r22, Z
     f1e:	71 81       	ldd	r23, Z+1	; 0x01
     f20:	46 9f       	mul	r20, r22
     f22:	c0 01       	movw	r24, r0
     f24:	47 9f       	mul	r20, r23
     f26:	90 0d       	add	r25, r0
     f28:	56 9f       	mul	r21, r22
     f2a:	90 0d       	add	r25, r0
     f2c:	11 24       	eor	r1, r1
     f2e:	60 91 97 01 	lds	r22, 0x0197	; 0x800197 <weight_sum>
     f32:	70 91 98 01 	lds	r23, 0x0198	; 0x800198 <weight_sum+0x1>
     f36:	86 0f       	add	r24, r22
     f38:	97 1f       	adc	r25, r23
     f3a:	90 93 98 01 	sts	0x0198, r25	; 0x800198 <weight_sum+0x1>
     f3e:	80 93 97 01 	sts	0x0197, r24	; 0x800197 <weight_sum>
     f42:	42 33       	cpi	r20, 0x32	; 50
     f44:	51 05       	cpc	r21, r1
     f46:	14 f4       	brge	.+4      	; 0xf4c <line_tracing2+0x180>
     f48:	0f 5f       	subi	r16, 0xFF	; 255
     f4a:	1f 4f       	sbci	r17, 0xFF	; 255
     f4c:	2f 5f       	subi	r18, 0xFF	; 255
     f4e:	3f 4f       	sbci	r19, 0xFF	; 255
     f50:	26 30       	cpi	r18, 0x06	; 6
     f52:	31 05       	cpc	r19, r1
     f54:	c4 f2       	brlt	.-80     	; 0xf06 <line_tracing2+0x13a>
     f56:	a7 db       	rcall	.-2226   	; 0x6a6 <in_6verticle>
     f58:	80 91 95 01 	lds	r24, 0x0195	; 0x800195 <verticle>
     f5c:	90 91 96 01 	lds	r25, 0x0196	; 0x800196 <verticle+0x1>
     f60:	83 30       	cpi	r24, 0x03	; 3
     f62:	91 05       	cpc	r25, r1
     f64:	51 f5       	brne	.+84     	; 0xfba <line_tracing2+0x1ee>
     f66:	06 30       	cpi	r16, 0x06	; 6
     f68:	11 05       	cpc	r17, r1
     f6a:	39 f5       	brne	.+78     	; 0xfba <line_tracing2+0x1ee>
     f6c:	67 e0       	ldi	r22, 0x07	; 7
     f6e:	81 e0       	ldi	r24, 0x01	; 1
     f70:	71 d9       	rcall	.-3358   	; 0x254 <i2c_lcd_goto_XY>
     f72:	80 91 96 01 	lds	r24, 0x0196	; 0x800196 <verticle+0x1>
     f76:	8f 93       	push	r24
     f78:	80 91 95 01 	lds	r24, 0x0195	; 0x800195 <verticle>
     f7c:	8f 93       	push	r24
     f7e:	86 e5       	ldi	r24, 0x56	; 86
     f80:	91 e0       	ldi	r25, 0x01	; 1
     f82:	9f 93       	push	r25
     f84:	8f 93       	push	r24
     f86:	8e 01       	movw	r16, r28
     f88:	0f 5f       	subi	r16, 0xFF	; 255
     f8a:	1f 4f       	sbci	r17, 0xFF	; 255
     f8c:	1f 93       	push	r17
     f8e:	0f 93       	push	r16
     f90:	0e 94 81 13 	call	0x2702	; 0x2702 <sprintf>
     f94:	c8 01       	movw	r24, r16
     f96:	66 d9       	rcall	.-3380   	; 0x264 <i2c_lcd_write_string>
     f98:	10 92 96 01 	sts	0x0196, r1	; 0x800196 <verticle+0x1>
     f9c:	10 92 95 01 	sts	0x0195, r1	; 0x800195 <verticle>
     fa0:	85 e0       	ldi	r24, 0x05	; 5
     fa2:	90 e0       	ldi	r25, 0x00	; 0
     fa4:	90 93 d8 01 	sts	0x01D8, r25	; 0x8001d8 <mode+0x1>
     fa8:	80 93 d7 01 	sts	0x01D7, r24	; 0x8001d7 <mode>
     fac:	0f 90       	pop	r0
     fae:	0f 90       	pop	r0
     fb0:	0f 90       	pop	r0
     fb2:	0f 90       	pop	r0
     fb4:	0f 90       	pop	r0
     fb6:	0f 90       	pop	r0
     fb8:	10 c1       	rjmp	.+544    	; 0x11da <__stack+0xdb>
     fba:	82 30       	cpi	r24, 0x02	; 2
     fbc:	91 05       	cpc	r25, r1
     fbe:	39 f4       	brne	.+14     	; 0xfce <line_tracing2+0x202>
     fc0:	06 30       	cpi	r16, 0x06	; 6
     fc2:	11 05       	cpc	r17, r1
     fc4:	21 f4       	brne	.+8      	; 0xfce <line_tracing2+0x202>
     fc6:	88 ec       	ldi	r24, 0xC8	; 200
     fc8:	90 e0       	ldi	r25, 0x00	; 0
     fca:	21 dd       	rcall	.-1470   	; 0xa0e <rotate_ccw>
     fcc:	06 c1       	rjmp	.+524    	; 0x11da <__stack+0xdb>
     fce:	01 97       	sbiw	r24, 0x01	; 1
     fd0:	09 f0       	breq	.+2      	; 0xfd4 <line_tracing2+0x208>
     fd2:	3d c0       	rjmp	.+122    	; 0x104e <__DATA_REGION_LENGTH__+0x4e>
     fd4:	06 30       	cpi	r16, 0x06	; 6
     fd6:	11 05       	cpc	r17, r1
     fd8:	09 f0       	breq	.+2      	; 0xfdc <line_tracing2+0x210>
     fda:	39 c0       	rjmp	.+114    	; 0x104e <__DATA_REGION_LENGTH__+0x4e>
     fdc:	6c e0       	ldi	r22, 0x0C	; 12
     fde:	81 e0       	ldi	r24, 0x01	; 1
     fe0:	39 d9       	rcall	.-3470   	; 0x254 <i2c_lcd_goto_XY>
     fe2:	8a e5       	ldi	r24, 0x5A	; 90
     fe4:	91 e0       	ldi	r25, 0x01	; 1
     fe6:	3e d9       	rcall	.-3460   	; 0x264 <i2c_lcd_write_string>
     fe8:	67 e0       	ldi	r22, 0x07	; 7
     fea:	81 e0       	ldi	r24, 0x01	; 1
     fec:	33 d9       	rcall	.-3482   	; 0x254 <i2c_lcd_goto_XY>
     fee:	80 91 96 01 	lds	r24, 0x0196	; 0x800196 <verticle+0x1>
     ff2:	8f 93       	push	r24
     ff4:	80 91 95 01 	lds	r24, 0x0195	; 0x800195 <verticle>
     ff8:	8f 93       	push	r24
     ffa:	86 e5       	ldi	r24, 0x56	; 86
     ffc:	91 e0       	ldi	r25, 0x01	; 1
     ffe:	9f 93       	push	r25
    1000:	8f 93       	push	r24
    1002:	8e 01       	movw	r16, r28
    1004:	0f 5f       	subi	r16, 0xFF	; 255
    1006:	1f 4f       	sbci	r17, 0xFF	; 255
    1008:	1f 93       	push	r17
    100a:	0f 93       	push	r16
    100c:	0e 94 81 13 	call	0x2702	; 0x2702 <sprintf>
    1010:	c8 01       	movw	r24, r16
    1012:	28 d9       	rcall	.-3504   	; 0x264 <i2c_lcd_write_string>
    1014:	1b bc       	out	0x2b, r1	; 43
    1016:	1a bc       	out	0x2a, r1	; 42
    1018:	19 bc       	out	0x29, r1	; 41
    101a:	18 bc       	out	0x28, r1	; 40
    101c:	2f ef       	ldi	r18, 0xFF	; 255
    101e:	3b e7       	ldi	r19, 0x7B	; 123
    1020:	82 e9       	ldi	r24, 0x92	; 146
    1022:	21 50       	subi	r18, 0x01	; 1
    1024:	30 40       	sbci	r19, 0x00	; 0
    1026:	80 40       	sbci	r24, 0x00	; 0
    1028:	e1 f7       	brne	.-8      	; 0x1022 <__DATA_REGION_LENGTH__+0x22>
    102a:	00 c0       	rjmp	.+0      	; 0x102c <__DATA_REGION_LENGTH__+0x2c>
    102c:	00 00       	nop
    102e:	6c e0       	ldi	r22, 0x0C	; 12
    1030:	81 e0       	ldi	r24, 0x01	; 1
    1032:	10 d9       	rcall	.-3552   	; 0x254 <i2c_lcd_goto_XY>
    1034:	89 e3       	ldi	r24, 0x39	; 57
    1036:	91 e0       	ldi	r25, 0x01	; 1
    1038:	15 d9       	rcall	.-3542   	; 0x264 <i2c_lcd_write_string>
    103a:	88 e0       	ldi	r24, 0x08	; 8
    103c:	97 e0       	ldi	r25, 0x07	; 7
    103e:	e7 dc       	rcall	.-1586   	; 0xa0e <rotate_ccw>
    1040:	0f 90       	pop	r0
    1042:	0f 90       	pop	r0
    1044:	0f 90       	pop	r0
    1046:	0f 90       	pop	r0
    1048:	0f 90       	pop	r0
    104a:	0f 90       	pop	r0
    104c:	c6 c0       	rjmp	.+396    	; 0x11da <__stack+0xdb>
    104e:	10 16       	cp	r1, r16
    1050:	11 06       	cpc	r1, r17
    1052:	84 f4       	brge	.+32     	; 0x1074 <__DATA_REGION_LENGTH__+0x74>
    1054:	80 91 97 01 	lds	r24, 0x0197	; 0x800197 <weight_sum>
    1058:	90 91 98 01 	lds	r25, 0x0198	; 0x800198 <weight_sum+0x1>
    105c:	00 97       	sbiw	r24, 0x00	; 0
    105e:	51 f0       	breq	.+20     	; 0x1074 <__DATA_REGION_LENGTH__+0x74>
    1060:	1c f0       	brlt	.+6      	; 0x1068 <__DATA_REGION_LENGTH__+0x68>
    1062:	81 e0       	ldi	r24, 0x01	; 1
    1064:	90 e0       	ldi	r25, 0x00	; 0
    1066:	02 c0       	rjmp	.+4      	; 0x106c <__DATA_REGION_LENGTH__+0x6c>
    1068:	8f ef       	ldi	r24, 0xFF	; 255
    106a:	9f ef       	ldi	r25, 0xFF	; 255
    106c:	90 93 85 01 	sts	0x0185, r25	; 0x800185 <last_dir.2304+0x1>
    1070:	80 93 84 01 	sts	0x0184, r24	; 0x800184 <last_dir.2304>
    1074:	01 2b       	or	r16, r17
    1076:	99 f5       	brne	.+102    	; 0x10de <__DATA_REGION_LENGTH__+0xde>
    1078:	86 b5       	in	r24, 0x26	; 38
    107a:	97 b5       	in	r25, 0x27	; 39
    107c:	a0 e0       	ldi	r26, 0x00	; 0
    107e:	b0 e0       	ldi	r27, 0x00	; 0
    1080:	ac 01       	movw	r20, r24
    1082:	bd 01       	movw	r22, r26
    1084:	44 0f       	add	r20, r20
    1086:	55 1f       	adc	r21, r21
    1088:	66 1f       	adc	r22, r22
    108a:	77 1f       	adc	r23, r23
    108c:	44 0f       	add	r20, r20
    108e:	55 1f       	adc	r21, r21
    1090:	66 1f       	adc	r22, r22
    1092:	77 1f       	adc	r23, r23
    1094:	84 0f       	add	r24, r20
    1096:	95 1f       	adc	r25, r21
    1098:	a6 1f       	adc	r26, r22
    109a:	b7 1f       	adc	r27, r23
    109c:	ac 01       	movw	r20, r24
    109e:	bd 01       	movw	r22, r26
    10a0:	44 0f       	add	r20, r20
    10a2:	55 1f       	adc	r21, r21
    10a4:	66 1f       	adc	r22, r22
    10a6:	77 1f       	adc	r23, r23
    10a8:	44 0f       	add	r20, r20
    10aa:	55 1f       	adc	r21, r21
    10ac:	66 1f       	adc	r22, r22
    10ae:	77 1f       	adc	r23, r23
    10b0:	8c 01       	movw	r16, r24
    10b2:	9d 01       	movw	r18, r26
    10b4:	04 0f       	add	r16, r20
    10b6:	15 1f       	adc	r17, r21
    10b8:	26 1f       	adc	r18, r22
    10ba:	37 1f       	adc	r19, r23
    10bc:	c9 01       	movw	r24, r18
    10be:	b8 01       	movw	r22, r16
    10c0:	24 e6       	ldi	r18, 0x64	; 100
    10c2:	30 e0       	ldi	r19, 0x00	; 0
    10c4:	40 e0       	ldi	r20, 0x00	; 0
    10c6:	50 e0       	ldi	r21, 0x00	; 0
    10c8:	0e 94 01 13 	call	0x2602	; 0x2602 <__divmodsi4>
    10cc:	a0 91 84 01 	lds	r26, 0x0184	; 0x800184 <last_dir.2304>
    10d0:	b0 91 85 01 	lds	r27, 0x0185	; 0x800185 <last_dir.2304+0x1>
    10d4:	0e 94 3b 13 	call	0x2676	; 0x2676 <__mulshisi3>
    10d8:	6b 01       	movw	r12, r22
    10da:	7c 01       	movw	r14, r24
    10dc:	38 c0       	rjmp	.+112    	; 0x114e <__stack+0x4f>
    10de:	86 b5       	in	r24, 0x26	; 38
    10e0:	97 b5       	in	r25, 0x27	; 39
    10e2:	a0 e0       	ldi	r26, 0x00	; 0
    10e4:	b0 e0       	ldi	r27, 0x00	; 0
    10e6:	ac 01       	movw	r20, r24
    10e8:	bd 01       	movw	r22, r26
    10ea:	44 0f       	add	r20, r20
    10ec:	55 1f       	adc	r21, r21
    10ee:	66 1f       	adc	r22, r22
    10f0:	77 1f       	adc	r23, r23
    10f2:	44 0f       	add	r20, r20
    10f4:	55 1f       	adc	r21, r21
    10f6:	66 1f       	adc	r22, r22
    10f8:	77 1f       	adc	r23, r23
    10fa:	84 0f       	add	r24, r20
    10fc:	95 1f       	adc	r25, r21
    10fe:	a6 1f       	adc	r26, r22
    1100:	b7 1f       	adc	r27, r23
    1102:	ac 01       	movw	r20, r24
    1104:	bd 01       	movw	r22, r26
    1106:	44 0f       	add	r20, r20
    1108:	55 1f       	adc	r21, r21
    110a:	66 1f       	adc	r22, r22
    110c:	77 1f       	adc	r23, r23
    110e:	44 0f       	add	r20, r20
    1110:	55 1f       	adc	r21, r21
    1112:	66 1f       	adc	r22, r22
    1114:	77 1f       	adc	r23, r23
    1116:	8c 01       	movw	r16, r24
    1118:	9d 01       	movw	r18, r26
    111a:	04 0f       	add	r16, r20
    111c:	15 1f       	adc	r17, r21
    111e:	26 1f       	adc	r18, r22
    1120:	37 1f       	adc	r19, r23
    1122:	c9 01       	movw	r24, r18
    1124:	b8 01       	movw	r22, r16
    1126:	24 e6       	ldi	r18, 0x64	; 100
    1128:	30 e0       	ldi	r19, 0x00	; 0
    112a:	40 e0       	ldi	r20, 0x00	; 0
    112c:	50 e0       	ldi	r21, 0x00	; 0
    112e:	0e 94 01 13 	call	0x2602	; 0x2602 <__divmodsi4>
    1132:	a0 91 97 01 	lds	r26, 0x0197	; 0x800197 <weight_sum>
    1136:	b0 91 98 01 	lds	r27, 0x0198	; 0x800198 <weight_sum+0x1>
    113a:	0e 94 3b 13 	call	0x2676	; 0x2676 <__mulshisi3>
    113e:	20 e2       	ldi	r18, 0x20	; 32
    1140:	33 e0       	ldi	r19, 0x03	; 3
    1142:	40 e0       	ldi	r20, 0x00	; 0
    1144:	50 e0       	ldi	r21, 0x00	; 0
    1146:	0e 94 01 13 	call	0x2602	; 0x2602 <__divmodsi4>
    114a:	69 01       	movw	r12, r18
    114c:	7a 01       	movw	r14, r20
    114e:	86 b5       	in	r24, 0x26	; 38
    1150:	97 b5       	in	r25, 0x27	; 39
    1152:	44 e1       	ldi	r20, 0x14	; 20
    1154:	48 9f       	mul	r20, r24
    1156:	90 01       	movw	r18, r0
    1158:	49 9f       	mul	r20, r25
    115a:	30 0d       	add	r19, r0
    115c:	11 24       	eor	r1, r1
    115e:	36 95       	lsr	r19
    1160:	27 95       	ror	r18
    1162:	36 95       	lsr	r19
    1164:	27 95       	ror	r18
    1166:	ab e7       	ldi	r26, 0x7B	; 123
    1168:	b4 e1       	ldi	r27, 0x14	; 20
    116a:	0e 94 26 13 	call	0x264c	; 0x264c <__umulhisi3>
    116e:	bc 01       	movw	r22, r24
    1170:	76 95       	lsr	r23
    1172:	67 95       	ror	r22
    1174:	20 91 27 01 	lds	r18, 0x0127	; 0x800127 <base_speed>
    1178:	30 91 28 01 	lds	r19, 0x0128	; 0x800128 <base_speed+0x1>
    117c:	a9 01       	movw	r20, r18
    117e:	4c 0d       	add	r20, r12
    1180:	5d 1d       	adc	r21, r13
    1182:	2c 19       	sub	r18, r12
    1184:	3d 09       	sbc	r19, r13
    1186:	46 17       	cp	r20, r22
    1188:	57 07       	cpc	r21, r23
    118a:	34 f4       	brge	.+12     	; 0x1198 <__stack+0x99>
    118c:	cb 01       	movw	r24, r22
    118e:	84 1b       	sub	r24, r20
    1190:	95 0b       	sbc	r25, r21
    1192:	ac 01       	movw	r20, r24
    1194:	92 e0       	ldi	r25, 0x02	; 2
    1196:	01 c0       	rjmp	.+2      	; 0x119a <__stack+0x9b>
    1198:	91 e0       	ldi	r25, 0x01	; 1
    119a:	e6 b5       	in	r30, 0x26	; 38
    119c:	f7 b5       	in	r31, 0x27	; 39
    119e:	e4 17       	cp	r30, r20
    11a0:	f5 07       	cpc	r31, r21
    11a2:	10 f4       	brcc	.+4      	; 0x11a8 <__stack+0xa9>
    11a4:	46 b5       	in	r20, 0x26	; 38
    11a6:	57 b5       	in	r21, 0x27	; 39
    11a8:	26 17       	cp	r18, r22
    11aa:	37 07       	cpc	r19, r23
    11ac:	34 f4       	brge	.+12     	; 0x11ba <__stack+0xbb>
    11ae:	98 60       	ori	r25, 0x08	; 8
    11b0:	fb 01       	movw	r30, r22
    11b2:	e2 1b       	sub	r30, r18
    11b4:	f3 0b       	sbc	r31, r19
    11b6:	9f 01       	movw	r18, r30
    11b8:	01 c0       	rjmp	.+2      	; 0x11bc <__stack+0xbd>
    11ba:	94 60       	ori	r25, 0x04	; 4
    11bc:	66 b5       	in	r22, 0x26	; 38
    11be:	77 b5       	in	r23, 0x27	; 39
    11c0:	62 17       	cp	r22, r18
    11c2:	73 07       	cpc	r23, r19
    11c4:	10 f4       	brcc	.+4      	; 0x11ca <__stack+0xcb>
    11c6:	26 b5       	in	r18, 0x26	; 38
    11c8:	37 b5       	in	r19, 0x27	; 39
    11ca:	88 b3       	in	r24, 0x18	; 24
    11cc:	80 7f       	andi	r24, 0xF0	; 240
    11ce:	89 2b       	or	r24, r25
    11d0:	88 bb       	out	0x18, r24	; 24
    11d2:	5b bd       	out	0x2b, r21	; 43
    11d4:	4a bd       	out	0x2a, r20	; 42
    11d6:	39 bd       	out	0x29, r19	; 41
    11d8:	28 bd       	out	0x28, r18	; 40
    11da:	0f 90       	pop	r0
    11dc:	0f 90       	pop	r0
    11de:	0f 90       	pop	r0
    11e0:	df 91       	pop	r29
    11e2:	cf 91       	pop	r28
    11e4:	1f 91       	pop	r17
    11e6:	0f 91       	pop	r16
    11e8:	ff 90       	pop	r15
    11ea:	ef 90       	pop	r14
    11ec:	df 90       	pop	r13
    11ee:	cf 90       	pop	r12
    11f0:	08 95       	ret

000011f2 <forward_ccw>:
    11f2:	ac 01       	movw	r20, r24
    11f4:	88 b3       	in	r24, 0x18	; 24
    11f6:	80 7f       	andi	r24, 0xF0	; 240
    11f8:	85 60       	ori	r24, 0x05	; 5
    11fa:	88 bb       	out	0x18, r24	; 24
    11fc:	86 b5       	in	r24, 0x26	; 38
    11fe:	97 b5       	in	r25, 0x27	; 39
    1200:	ee e1       	ldi	r30, 0x1E	; 30
    1202:	e8 9f       	mul	r30, r24
    1204:	90 01       	movw	r18, r0
    1206:	e9 9f       	mul	r30, r25
    1208:	30 0d       	add	r19, r0
    120a:	11 24       	eor	r1, r1
    120c:	36 95       	lsr	r19
    120e:	27 95       	ror	r18
    1210:	36 95       	lsr	r19
    1212:	27 95       	ror	r18
    1214:	ab e7       	ldi	r26, 0x7B	; 123
    1216:	b4 e1       	ldi	r27, 0x14	; 20
    1218:	0e 94 26 13 	call	0x264c	; 0x264c <__umulhisi3>
    121c:	96 95       	lsr	r25
    121e:	87 95       	ror	r24
    1220:	9b bd       	out	0x2b, r25	; 43
    1222:	8a bd       	out	0x2a, r24	; 42
    1224:	86 b5       	in	r24, 0x26	; 38
    1226:	97 b5       	in	r25, 0x27	; 39
    1228:	e8 9f       	mul	r30, r24
    122a:	90 01       	movw	r18, r0
    122c:	e9 9f       	mul	r30, r25
    122e:	30 0d       	add	r19, r0
    1230:	11 24       	eor	r1, r1
    1232:	36 95       	lsr	r19
    1234:	27 95       	ror	r18
    1236:	36 95       	lsr	r19
    1238:	27 95       	ror	r18
    123a:	0e 94 26 13 	call	0x264c	; 0x264c <__umulhisi3>
    123e:	96 95       	lsr	r25
    1240:	87 95       	ror	r24
    1242:	99 bd       	out	0x29, r25	; 41
    1244:	88 bd       	out	0x28, r24	; 40
    1246:	80 e0       	ldi	r24, 0x00	; 0
    1248:	90 e0       	ldi	r25, 0x00	; 0
    124a:	07 c0       	rjmp	.+14     	; 0x125a <forward_ccw+0x68>
    124c:	ef e3       	ldi	r30, 0x3F	; 63
    124e:	fc e9       	ldi	r31, 0x9C	; 156
    1250:	31 97       	sbiw	r30, 0x01	; 1
    1252:	f1 f7       	brne	.-4      	; 0x1250 <forward_ccw+0x5e>
    1254:	00 c0       	rjmp	.+0      	; 0x1256 <forward_ccw+0x64>
    1256:	00 00       	nop
    1258:	0a 96       	adiw	r24, 0x0a	; 10
    125a:	84 17       	cp	r24, r20
    125c:	95 07       	cpc	r25, r21
    125e:	b0 f3       	brcs	.-20     	; 0x124c <forward_ccw+0x5a>
    1260:	1b bc       	out	0x2b, r1	; 43
    1262:	1a bc       	out	0x2a, r1	; 42
    1264:	19 bc       	out	0x29, r1	; 41
    1266:	18 bc       	out	0x28, r1	; 40
    1268:	08 95       	ret

0000126a <backward_ccw>:
    126a:	ac 01       	movw	r20, r24
    126c:	88 b3       	in	r24, 0x18	; 24
    126e:	80 7f       	andi	r24, 0xF0	; 240
    1270:	8a 60       	ori	r24, 0x0A	; 10
    1272:	88 bb       	out	0x18, r24	; 24
    1274:	86 b5       	in	r24, 0x26	; 38
    1276:	97 b5       	in	r25, 0x27	; 39
    1278:	ee e1       	ldi	r30, 0x1E	; 30
    127a:	e8 9f       	mul	r30, r24
    127c:	90 01       	movw	r18, r0
    127e:	e9 9f       	mul	r30, r25
    1280:	30 0d       	add	r19, r0
    1282:	11 24       	eor	r1, r1
    1284:	36 95       	lsr	r19
    1286:	27 95       	ror	r18
    1288:	36 95       	lsr	r19
    128a:	27 95       	ror	r18
    128c:	ab e7       	ldi	r26, 0x7B	; 123
    128e:	b4 e1       	ldi	r27, 0x14	; 20
    1290:	0e 94 26 13 	call	0x264c	; 0x264c <__umulhisi3>
    1294:	96 95       	lsr	r25
    1296:	87 95       	ror	r24
    1298:	9b bd       	out	0x2b, r25	; 43
    129a:	8a bd       	out	0x2a, r24	; 42
    129c:	86 b5       	in	r24, 0x26	; 38
    129e:	97 b5       	in	r25, 0x27	; 39
    12a0:	e8 9f       	mul	r30, r24
    12a2:	90 01       	movw	r18, r0
    12a4:	e9 9f       	mul	r30, r25
    12a6:	30 0d       	add	r19, r0
    12a8:	11 24       	eor	r1, r1
    12aa:	36 95       	lsr	r19
    12ac:	27 95       	ror	r18
    12ae:	36 95       	lsr	r19
    12b0:	27 95       	ror	r18
    12b2:	0e 94 26 13 	call	0x264c	; 0x264c <__umulhisi3>
    12b6:	96 95       	lsr	r25
    12b8:	87 95       	ror	r24
    12ba:	99 bd       	out	0x29, r25	; 41
    12bc:	88 bd       	out	0x28, r24	; 40
    12be:	80 e0       	ldi	r24, 0x00	; 0
    12c0:	90 e0       	ldi	r25, 0x00	; 0
    12c2:	07 c0       	rjmp	.+14     	; 0x12d2 <backward_ccw+0x68>
    12c4:	ef e3       	ldi	r30, 0x3F	; 63
    12c6:	fc e9       	ldi	r31, 0x9C	; 156
    12c8:	31 97       	sbiw	r30, 0x01	; 1
    12ca:	f1 f7       	brne	.-4      	; 0x12c8 <backward_ccw+0x5e>
    12cc:	00 c0       	rjmp	.+0      	; 0x12ce <backward_ccw+0x64>
    12ce:	00 00       	nop
    12d0:	0a 96       	adiw	r24, 0x0a	; 10
    12d2:	84 17       	cp	r24, r20
    12d4:	95 07       	cpc	r25, r21
    12d6:	b0 f3       	brcs	.-20     	; 0x12c4 <backward_ccw+0x5a>
    12d8:	1b bc       	out	0x2b, r1	; 43
    12da:	1a bc       	out	0x2a, r1	; 42
    12dc:	19 bc       	out	0x29, r1	; 41
    12de:	18 bc       	out	0x28, r1	; 40
    12e0:	08 95       	ret

000012e2 <black_line_tracing>:
    12e2:	cf 92       	push	r12
    12e4:	df 92       	push	r13
    12e6:	ef 92       	push	r14
    12e8:	ff 92       	push	r15
    12ea:	0f 93       	push	r16
    12ec:	1f 93       	push	r17
    12ee:	cf 93       	push	r28
    12f0:	df 93       	push	r29
    12f2:	00 d9       	rcall	.-3584   	; 0x4f4 <value_move>
    12f4:	02 e0       	ldi	r16, 0x02	; 2
    12f6:	10 e0       	ldi	r17, 0x00	; 0
    12f8:	50 c0       	rjmp	.+160    	; 0x139a <black_line_tracing+0xb8>
    12fa:	c8 01       	movw	r24, r16
    12fc:	f1 d8       	rcall	.-3614   	; 0x4e0 <read_adc>
    12fe:	e8 01       	movw	r28, r16
    1300:	22 97       	sbiw	r28, 0x02	; 2
    1302:	ae 01       	movw	r20, r28
    1304:	44 0f       	add	r20, r20
    1306:	55 1f       	adc	r21, r21
    1308:	fa 01       	movw	r30, r20
    130a:	e7 56       	subi	r30, 0x67	; 103
    130c:	fe 4f       	sbci	r31, 0xFE	; 254
    130e:	91 83       	std	Z+1, r25	; 0x01
    1310:	80 83       	st	Z, r24
    1312:	fa 01       	movw	r30, r20
    1314:	e3 54       	subi	r30, 0x43	; 67
    1316:	fe 4f       	sbci	r31, 0xFE	; 254
    1318:	01 90       	ld	r0, Z+
    131a:	f0 81       	ld	r31, Z
    131c:	e0 2d       	mov	r30, r0
    131e:	da 01       	movw	r26, r20
    1320:	a3 5f       	subi	r26, 0xF3	; 243
    1322:	be 4f       	sbci	r27, 0xFE	; 254
    1324:	ed 90       	ld	r14, X+
    1326:	fc 90       	ld	r15, X
    1328:	ee 15       	cp	r30, r14
    132a:	ff 05       	cpc	r31, r15
    132c:	19 f0       	breq	.+6      	; 0x1334 <black_line_tracing+0x52>
    132e:	ee 19       	sub	r30, r14
    1330:	ff 09       	sbc	r31, r15
    1332:	02 c0       	rjmp	.+4      	; 0x1338 <black_line_tracing+0x56>
    1334:	e1 e0       	ldi	r30, 0x01	; 1
    1336:	f0 e0       	ldi	r31, 0x00	; 0
    1338:	de 01       	movw	r26, r28
    133a:	16 96       	adiw	r26, 0x06	; 6
    133c:	aa 0f       	add	r26, r26
    133e:	bb 1f       	adc	r27, r27
    1340:	a7 56       	subi	r26, 0x67	; 103
    1342:	be 4f       	sbci	r27, 0xFE	; 254
    1344:	2d 91       	ld	r18, X+
    1346:	3c 91       	ld	r19, X
    1348:	82 0f       	add	r24, r18
    134a:	93 1f       	adc	r25, r19
    134c:	de 01       	movw	r26, r28
    134e:	1c 96       	adiw	r26, 0x0c	; 12
    1350:	aa 0f       	add	r26, r26
    1352:	bb 1f       	adc	r27, r27
    1354:	a7 56       	subi	r26, 0x67	; 103
    1356:	be 4f       	sbci	r27, 0xFE	; 254
    1358:	2d 91       	ld	r18, X+
    135a:	3c 91       	ld	r19, X
    135c:	82 0f       	add	r24, r18
    135e:	93 1f       	adc	r25, r19
    1360:	63 e0       	ldi	r22, 0x03	; 3
    1362:	70 e0       	ldi	r23, 0x00	; 0
    1364:	0e 94 ee 12 	call	0x25dc	; 0x25dc <__divmodhi4>
    1368:	db 01       	movw	r26, r22
    136a:	ae 19       	sub	r26, r14
    136c:	bf 09       	sbc	r27, r15
    136e:	24 e6       	ldi	r18, 0x64	; 100
    1370:	30 e0       	ldi	r19, 0x00	; 0
    1372:	0e 94 35 13 	call	0x266a	; 0x266a <__usmulhisi3>
    1376:	9f 01       	movw	r18, r30
    1378:	ff 0f       	add	r31, r31
    137a:	44 0b       	sbc	r20, r20
    137c:	55 0b       	sbc	r21, r21
    137e:	0e 94 01 13 	call	0x2602	; 0x2602 <__divmodsi4>
    1382:	cc 0f       	add	r28, r28
    1384:	dd 1f       	adc	r29, r29
    1386:	c7 52       	subi	r28, 0x27	; 39
    1388:	de 4f       	sbci	r29, 0xFE	; 254
    138a:	84 e6       	ldi	r24, 0x64	; 100
    138c:	90 e0       	ldi	r25, 0x00	; 0
    138e:	82 1b       	sub	r24, r18
    1390:	93 0b       	sbc	r25, r19
    1392:	99 83       	std	Y+1, r25	; 0x01
    1394:	88 83       	st	Y, r24
    1396:	0f 5f       	subi	r16, 0xFF	; 255
    1398:	1f 4f       	sbci	r17, 0xFF	; 255
    139a:	08 30       	cpi	r16, 0x08	; 8
    139c:	11 05       	cpc	r17, r1
    139e:	0c f4       	brge	.+2      	; 0x13a2 <black_line_tracing+0xc0>
    13a0:	ac cf       	rjmp	.-168    	; 0x12fa <black_line_tracing+0x18>
    13a2:	82 e0       	ldi	r24, 0x02	; 2
    13a4:	90 e0       	ldi	r25, 0x00	; 0
    13a6:	28 c0       	rjmp	.+80     	; 0x13f8 <black_line_tracing+0x116>
    13a8:	fc 01       	movw	r30, r24
    13aa:	32 97       	sbiw	r30, 0x02	; 2
    13ac:	ee 0f       	add	r30, r30
    13ae:	ff 1f       	adc	r31, r31
    13b0:	e7 52       	subi	r30, 0x27	; 39
    13b2:	fe 4f       	sbci	r31, 0xFE	; 254
    13b4:	20 81       	ld	r18, Z
    13b6:	31 81       	ldd	r19, Z+1	; 0x01
    13b8:	22 33       	cpi	r18, 0x32	; 50
    13ba:	31 05       	cpc	r19, r1
    13bc:	7c f4       	brge	.+30     	; 0x13dc <black_line_tracing+0xfa>
    13be:	4b b3       	in	r20, 0x1b	; 27
    13c0:	bc 01       	movw	r22, r24
    13c2:	61 50       	subi	r22, 0x01	; 1
    13c4:	71 09       	sbc	r23, r1
    13c6:	21 e0       	ldi	r18, 0x01	; 1
    13c8:	30 e0       	ldi	r19, 0x00	; 0
    13ca:	02 c0       	rjmp	.+4      	; 0x13d0 <black_line_tracing+0xee>
    13cc:	22 0f       	add	r18, r18
    13ce:	33 1f       	adc	r19, r19
    13d0:	6a 95       	dec	r22
    13d2:	e2 f7       	brpl	.-8      	; 0x13cc <black_line_tracing+0xea>
    13d4:	20 95       	com	r18
    13d6:	24 23       	and	r18, r20
    13d8:	2b bb       	out	0x1b, r18	; 27
    13da:	0d c0       	rjmp	.+26     	; 0x13f6 <black_line_tracing+0x114>
    13dc:	4b b3       	in	r20, 0x1b	; 27
    13de:	bc 01       	movw	r22, r24
    13e0:	61 50       	subi	r22, 0x01	; 1
    13e2:	71 09       	sbc	r23, r1
    13e4:	21 e0       	ldi	r18, 0x01	; 1
    13e6:	30 e0       	ldi	r19, 0x00	; 0
    13e8:	02 c0       	rjmp	.+4      	; 0x13ee <black_line_tracing+0x10c>
    13ea:	22 0f       	add	r18, r18
    13ec:	33 1f       	adc	r19, r19
    13ee:	6a 95       	dec	r22
    13f0:	e2 f7       	brpl	.-8      	; 0x13ea <black_line_tracing+0x108>
    13f2:	24 2b       	or	r18, r20
    13f4:	2b bb       	out	0x1b, r18	; 27
    13f6:	01 96       	adiw	r24, 0x01	; 1
    13f8:	88 30       	cpi	r24, 0x08	; 8
    13fa:	91 05       	cpc	r25, r1
    13fc:	ac f2       	brlt	.-86     	; 0x13a8 <black_line_tracing+0xc6>
    13fe:	10 92 98 01 	sts	0x0198, r1	; 0x800198 <weight_sum+0x1>
    1402:	10 92 97 01 	sts	0x0197, r1	; 0x800197 <weight_sum>
    1406:	20 e0       	ldi	r18, 0x00	; 0
    1408:	30 e0       	ldi	r19, 0x00	; 0
    140a:	c0 e0       	ldi	r28, 0x00	; 0
    140c:	d0 e0       	ldi	r29, 0x00	; 0
    140e:	24 c0       	rjmp	.+72     	; 0x1458 <black_line_tracing+0x176>
    1410:	c9 01       	movw	r24, r18
    1412:	88 0f       	add	r24, r24
    1414:	99 1f       	adc	r25, r25
    1416:	fc 01       	movw	r30, r24
    1418:	e7 52       	subi	r30, 0x27	; 39
    141a:	fe 4f       	sbci	r31, 0xFE	; 254
    141c:	40 81       	ld	r20, Z
    141e:	51 81       	ldd	r21, Z+1	; 0x01
    1420:	fc 01       	movw	r30, r24
    1422:	ef 5f       	subi	r30, 0xFF	; 255
    1424:	fe 4f       	sbci	r31, 0xFE	; 254
    1426:	60 81       	ld	r22, Z
    1428:	71 81       	ldd	r23, Z+1	; 0x01
    142a:	46 9f       	mul	r20, r22
    142c:	c0 01       	movw	r24, r0
    142e:	47 9f       	mul	r20, r23
    1430:	90 0d       	add	r25, r0
    1432:	56 9f       	mul	r21, r22
    1434:	90 0d       	add	r25, r0
    1436:	11 24       	eor	r1, r1
    1438:	60 91 97 01 	lds	r22, 0x0197	; 0x800197 <weight_sum>
    143c:	70 91 98 01 	lds	r23, 0x0198	; 0x800198 <weight_sum+0x1>
    1440:	86 0f       	add	r24, r22
    1442:	97 1f       	adc	r25, r23
    1444:	90 93 98 01 	sts	0x0198, r25	; 0x800198 <weight_sum+0x1>
    1448:	80 93 97 01 	sts	0x0197, r24	; 0x800197 <weight_sum>
    144c:	42 33       	cpi	r20, 0x32	; 50
    144e:	51 05       	cpc	r21, r1
    1450:	0c f4       	brge	.+2      	; 0x1454 <black_line_tracing+0x172>
    1452:	21 96       	adiw	r28, 0x01	; 1
    1454:	2f 5f       	subi	r18, 0xFF	; 255
    1456:	3f 4f       	sbci	r19, 0xFF	; 255
    1458:	26 30       	cpi	r18, 0x06	; 6
    145a:	31 05       	cpc	r19, r1
    145c:	cc f2       	brlt	.-78     	; 0x1410 <black_line_tracing+0x12e>
    145e:	23 d9       	rcall	.-3514   	; 0x6a6 <in_6verticle>
    1460:	80 91 95 01 	lds	r24, 0x0195	; 0x800195 <verticle>
    1464:	90 91 96 01 	lds	r25, 0x0196	; 0x800196 <verticle+0x1>
    1468:	01 97       	sbiw	r24, 0x01	; 1
    146a:	51 f4       	brne	.+20     	; 0x1480 <black_line_tracing+0x19e>
    146c:	c6 30       	cpi	r28, 0x06	; 6
    146e:	d1 05       	cpc	r29, r1
    1470:	39 f4       	brne	.+14     	; 0x1480 <black_line_tracing+0x19e>
    1472:	88 e0       	ldi	r24, 0x08	; 8
    1474:	90 e0       	ldi	r25, 0x00	; 0
    1476:	90 93 d8 01 	sts	0x01D8, r25	; 0x8001d8 <mode+0x1>
    147a:	80 93 d7 01 	sts	0x01D7, r24	; 0x8001d7 <mode>
    147e:	22 c1       	rjmp	.+580    	; 0x16c4 <black_line_tracing+0x3e2>
    1480:	20 91 a3 01 	lds	r18, 0x01A3	; 0x8001a3 <current_ir+0xa>
    1484:	30 91 a4 01 	lds	r19, 0x01A4	; 0x8001a4 <current_ir+0xb>
    1488:	40 91 c7 01 	lds	r20, 0x01C7	; 0x8001c7 <max_ir_black+0xa>
    148c:	50 91 c8 01 	lds	r21, 0x01C8	; 0x8001c8 <max_ir_black+0xb>
    1490:	80 91 17 01 	lds	r24, 0x0117	; 0x800117 <min_ir_black+0xa>
    1494:	90 91 18 01 	lds	r25, 0x0118	; 0x800118 <min_ir_black+0xb>
    1498:	84 0f       	add	r24, r20
    149a:	95 1f       	adc	r25, r21
    149c:	99 23       	and	r25, r25
    149e:	0c f4       	brge	.+2      	; 0x14a2 <black_line_tracing+0x1c0>
    14a0:	01 96       	adiw	r24, 0x01	; 1
    14a2:	95 95       	asr	r25
    14a4:	87 95       	ror	r24
    14a6:	28 17       	cp	r18, r24
    14a8:	39 07       	cpc	r19, r25
    14aa:	b4 f4       	brge	.+44     	; 0x14d8 <black_line_tracing+0x1f6>
    14ac:	20 91 99 01 	lds	r18, 0x0199	; 0x800199 <current_ir>
    14b0:	30 91 9a 01 	lds	r19, 0x019A	; 0x80019a <current_ir+0x1>
    14b4:	40 91 bd 01 	lds	r20, 0x01BD	; 0x8001bd <max_ir_black>
    14b8:	50 91 be 01 	lds	r21, 0x01BE	; 0x8001be <max_ir_black+0x1>
    14bc:	80 91 0d 01 	lds	r24, 0x010D	; 0x80010d <min_ir_black>
    14c0:	90 91 0e 01 	lds	r25, 0x010E	; 0x80010e <min_ir_black+0x1>
    14c4:	84 0f       	add	r24, r20
    14c6:	95 1f       	adc	r25, r21
    14c8:	99 23       	and	r25, r25
    14ca:	0c f4       	brge	.+2      	; 0x14ce <black_line_tracing+0x1ec>
    14cc:	01 96       	adiw	r24, 0x01	; 1
    14ce:	95 95       	asr	r25
    14d0:	87 95       	ror	r24
    14d2:	28 17       	cp	r18, r24
    14d4:	39 07       	cpc	r19, r25
    14d6:	9c f1       	brlt	.+102    	; 0x153e <black_line_tracing+0x25c>
    14d8:	84 e6       	ldi	r24, 0x64	; 100
    14da:	90 e0       	ldi	r25, 0x00	; 0
    14dc:	8a de       	rcall	.-748    	; 0x11f2 <forward_ccw>
    14de:	20 91 c7 01 	lds	r18, 0x01C7	; 0x8001c7 <max_ir_black+0xa>
    14e2:	30 91 c8 01 	lds	r19, 0x01C8	; 0x8001c8 <max_ir_black+0xb>
    14e6:	80 91 17 01 	lds	r24, 0x0117	; 0x800117 <min_ir_black+0xa>
    14ea:	90 91 18 01 	lds	r25, 0x0118	; 0x800118 <min_ir_black+0xb>
    14ee:	82 0f       	add	r24, r18
    14f0:	93 1f       	adc	r25, r19
    14f2:	99 23       	and	r25, r25
    14f4:	0c f4       	brge	.+2      	; 0x14f8 <black_line_tracing+0x216>
    14f6:	01 96       	adiw	r24, 0x01	; 1
    14f8:	95 95       	asr	r25
    14fa:	87 95       	ror	r24
    14fc:	90 93 a4 01 	sts	0x01A4, r25	; 0x8001a4 <current_ir+0xb>
    1500:	80 93 a3 01 	sts	0x01A3, r24	; 0x8001a3 <current_ir+0xa>
    1504:	20 91 bd 01 	lds	r18, 0x01BD	; 0x8001bd <max_ir_black>
    1508:	30 91 be 01 	lds	r19, 0x01BE	; 0x8001be <max_ir_black+0x1>
    150c:	80 91 0d 01 	lds	r24, 0x010D	; 0x80010d <min_ir_black>
    1510:	90 91 0e 01 	lds	r25, 0x010E	; 0x80010e <min_ir_black+0x1>
    1514:	82 0f       	add	r24, r18
    1516:	93 1f       	adc	r25, r19
    1518:	99 23       	and	r25, r25
    151a:	0c f4       	brge	.+2      	; 0x151e <black_line_tracing+0x23c>
    151c:	01 96       	adiw	r24, 0x01	; 1
    151e:	95 95       	asr	r25
    1520:	87 95       	ror	r24
    1522:	90 93 9a 01 	sts	0x019A, r25	; 0x80019a <current_ir+0x1>
    1526:	80 93 99 01 	sts	0x0199, r24	; 0x800199 <current_ir>
    152a:	80 91 89 01 	lds	r24, 0x0189	; 0x800189 <RL_edge>
    152e:	90 91 8a 01 	lds	r25, 0x018A	; 0x80018a <RL_edge+0x1>
    1532:	01 96       	adiw	r24, 0x01	; 1
    1534:	90 93 8a 01 	sts	0x018A, r25	; 0x80018a <RL_edge+0x1>
    1538:	80 93 89 01 	sts	0x0189, r24	; 0x800189 <RL_edge>
    153c:	c3 c0       	rjmp	.+390    	; 0x16c4 <black_line_tracing+0x3e2>
    153e:	1c 16       	cp	r1, r28
    1540:	1d 06       	cpc	r1, r29
    1542:	84 f4       	brge	.+32     	; 0x1564 <black_line_tracing+0x282>
    1544:	80 91 97 01 	lds	r24, 0x0197	; 0x800197 <weight_sum>
    1548:	90 91 98 01 	lds	r25, 0x0198	; 0x800198 <weight_sum+0x1>
    154c:	00 97       	sbiw	r24, 0x00	; 0
    154e:	51 f0       	breq	.+20     	; 0x1564 <black_line_tracing+0x282>
    1550:	1c f0       	brlt	.+6      	; 0x1558 <black_line_tracing+0x276>
    1552:	81 e0       	ldi	r24, 0x01	; 1
    1554:	90 e0       	ldi	r25, 0x00	; 0
    1556:	02 c0       	rjmp	.+4      	; 0x155c <black_line_tracing+0x27a>
    1558:	8f ef       	ldi	r24, 0xFF	; 255
    155a:	9f ef       	ldi	r25, 0xFF	; 255
    155c:	90 93 83 01 	sts	0x0183, r25	; 0x800183 <last_dir.2404+0x1>
    1560:	80 93 82 01 	sts	0x0182, r24	; 0x800182 <last_dir.2404>
    1564:	cd 2b       	or	r28, r29
    1566:	99 f5       	brne	.+102    	; 0x15ce <black_line_tracing+0x2ec>
    1568:	86 b5       	in	r24, 0x26	; 38
    156a:	97 b5       	in	r25, 0x27	; 39
    156c:	a0 e0       	ldi	r26, 0x00	; 0
    156e:	b0 e0       	ldi	r27, 0x00	; 0
    1570:	ac 01       	movw	r20, r24
    1572:	bd 01       	movw	r22, r26
    1574:	44 0f       	add	r20, r20
    1576:	55 1f       	adc	r21, r21
    1578:	66 1f       	adc	r22, r22
    157a:	77 1f       	adc	r23, r23
    157c:	84 0f       	add	r24, r20
    157e:	95 1f       	adc	r25, r21
    1580:	a6 1f       	adc	r26, r22
    1582:	b7 1f       	adc	r27, r23
    1584:	ac 01       	movw	r20, r24
    1586:	bd 01       	movw	r22, r26
    1588:	44 0f       	add	r20, r20
    158a:	55 1f       	adc	r21, r21
    158c:	66 1f       	adc	r22, r22
    158e:	77 1f       	adc	r23, r23
    1590:	44 0f       	add	r20, r20
    1592:	55 1f       	adc	r21, r21
    1594:	66 1f       	adc	r22, r22
    1596:	77 1f       	adc	r23, r23
    1598:	8c 01       	movw	r16, r24
    159a:	9d 01       	movw	r18, r26
    159c:	04 0f       	add	r16, r20
    159e:	15 1f       	adc	r17, r21
    15a0:	26 1f       	adc	r18, r22
    15a2:	37 1f       	adc	r19, r23
    15a4:	c9 01       	movw	r24, r18
    15a6:	b8 01       	movw	r22, r16
    15a8:	66 0f       	add	r22, r22
    15aa:	77 1f       	adc	r23, r23
    15ac:	88 1f       	adc	r24, r24
    15ae:	99 1f       	adc	r25, r25
    15b0:	24 e6       	ldi	r18, 0x64	; 100
    15b2:	30 e0       	ldi	r19, 0x00	; 0
    15b4:	40 e0       	ldi	r20, 0x00	; 0
    15b6:	50 e0       	ldi	r21, 0x00	; 0
    15b8:	0e 94 01 13 	call	0x2602	; 0x2602 <__divmodsi4>
    15bc:	a0 91 82 01 	lds	r26, 0x0182	; 0x800182 <last_dir.2404>
    15c0:	b0 91 83 01 	lds	r27, 0x0183	; 0x800183 <last_dir.2404+0x1>
    15c4:	0e 94 3b 13 	call	0x2676	; 0x2676 <__mulshisi3>
    15c8:	6b 01       	movw	r12, r22
    15ca:	7c 01       	movw	r14, r24
    15cc:	36 c0       	rjmp	.+108    	; 0x163a <black_line_tracing+0x358>
    15ce:	86 b5       	in	r24, 0x26	; 38
    15d0:	97 b5       	in	r25, 0x27	; 39
    15d2:	a0 e0       	ldi	r26, 0x00	; 0
    15d4:	b0 e0       	ldi	r27, 0x00	; 0
    15d6:	ac 01       	movw	r20, r24
    15d8:	bd 01       	movw	r22, r26
    15da:	44 0f       	add	r20, r20
    15dc:	55 1f       	adc	r21, r21
    15de:	66 1f       	adc	r22, r22
    15e0:	77 1f       	adc	r23, r23
    15e2:	84 0f       	add	r24, r20
    15e4:	95 1f       	adc	r25, r21
    15e6:	a6 1f       	adc	r26, r22
    15e8:	b7 1f       	adc	r27, r23
    15ea:	ac 01       	movw	r20, r24
    15ec:	bd 01       	movw	r22, r26
    15ee:	44 0f       	add	r20, r20
    15f0:	55 1f       	adc	r21, r21
    15f2:	66 1f       	adc	r22, r22
    15f4:	77 1f       	adc	r23, r23
    15f6:	44 0f       	add	r20, r20
    15f8:	55 1f       	adc	r21, r21
    15fa:	66 1f       	adc	r22, r22
    15fc:	77 1f       	adc	r23, r23
    15fe:	8c 01       	movw	r16, r24
    1600:	9d 01       	movw	r18, r26
    1602:	04 0f       	add	r16, r20
    1604:	15 1f       	adc	r17, r21
    1606:	26 1f       	adc	r18, r22
    1608:	37 1f       	adc	r19, r23
    160a:	c9 01       	movw	r24, r18
    160c:	b8 01       	movw	r22, r16
    160e:	66 0f       	add	r22, r22
    1610:	77 1f       	adc	r23, r23
    1612:	88 1f       	adc	r24, r24
    1614:	99 1f       	adc	r25, r25
    1616:	24 e6       	ldi	r18, 0x64	; 100
    1618:	30 e0       	ldi	r19, 0x00	; 0
    161a:	40 e0       	ldi	r20, 0x00	; 0
    161c:	50 e0       	ldi	r21, 0x00	; 0
    161e:	f1 d7       	rcall	.+4066   	; 0x2602 <__divmodsi4>
    1620:	a0 91 97 01 	lds	r26, 0x0197	; 0x800197 <weight_sum>
    1624:	b0 91 98 01 	lds	r27, 0x0198	; 0x800198 <weight_sum+0x1>
    1628:	0e 94 3b 13 	call	0x2676	; 0x2676 <__mulshisi3>
    162c:	20 e2       	ldi	r18, 0x20	; 32
    162e:	33 e0       	ldi	r19, 0x03	; 3
    1630:	40 e0       	ldi	r20, 0x00	; 0
    1632:	50 e0       	ldi	r21, 0x00	; 0
    1634:	e6 d7       	rcall	.+4044   	; 0x2602 <__divmodsi4>
    1636:	69 01       	movw	r12, r18
    1638:	7a 01       	movw	r14, r20
    163a:	86 b5       	in	r24, 0x26	; 38
    163c:	97 b5       	in	r25, 0x27	; 39
    163e:	44 e1       	ldi	r20, 0x14	; 20
    1640:	48 9f       	mul	r20, r24
    1642:	90 01       	movw	r18, r0
    1644:	49 9f       	mul	r20, r25
    1646:	30 0d       	add	r19, r0
    1648:	11 24       	eor	r1, r1
    164a:	36 95       	lsr	r19
    164c:	27 95       	ror	r18
    164e:	36 95       	lsr	r19
    1650:	27 95       	ror	r18
    1652:	ab e7       	ldi	r26, 0x7B	; 123
    1654:	b4 e1       	ldi	r27, 0x14	; 20
    1656:	fa d7       	rcall	.+4084   	; 0x264c <__umulhisi3>
    1658:	bc 01       	movw	r22, r24
    165a:	76 95       	lsr	r23
    165c:	67 95       	ror	r22
    165e:	20 91 27 01 	lds	r18, 0x0127	; 0x800127 <base_speed>
    1662:	30 91 28 01 	lds	r19, 0x0128	; 0x800128 <base_speed+0x1>
    1666:	a9 01       	movw	r20, r18
    1668:	4c 0d       	add	r20, r12
    166a:	5d 1d       	adc	r21, r13
    166c:	2c 19       	sub	r18, r12
    166e:	3d 09       	sbc	r19, r13
    1670:	46 17       	cp	r20, r22
    1672:	57 07       	cpc	r21, r23
    1674:	34 f4       	brge	.+12     	; 0x1682 <black_line_tracing+0x3a0>
    1676:	cb 01       	movw	r24, r22
    1678:	84 1b       	sub	r24, r20
    167a:	95 0b       	sbc	r25, r21
    167c:	ac 01       	movw	r20, r24
    167e:	92 e0       	ldi	r25, 0x02	; 2
    1680:	01 c0       	rjmp	.+2      	; 0x1684 <black_line_tracing+0x3a2>
    1682:	91 e0       	ldi	r25, 0x01	; 1
    1684:	e6 b5       	in	r30, 0x26	; 38
    1686:	f7 b5       	in	r31, 0x27	; 39
    1688:	e4 17       	cp	r30, r20
    168a:	f5 07       	cpc	r31, r21
    168c:	10 f4       	brcc	.+4      	; 0x1692 <black_line_tracing+0x3b0>
    168e:	46 b5       	in	r20, 0x26	; 38
    1690:	57 b5       	in	r21, 0x27	; 39
    1692:	26 17       	cp	r18, r22
    1694:	37 07       	cpc	r19, r23
    1696:	34 f4       	brge	.+12     	; 0x16a4 <black_line_tracing+0x3c2>
    1698:	98 60       	ori	r25, 0x08	; 8
    169a:	fb 01       	movw	r30, r22
    169c:	e2 1b       	sub	r30, r18
    169e:	f3 0b       	sbc	r31, r19
    16a0:	9f 01       	movw	r18, r30
    16a2:	01 c0       	rjmp	.+2      	; 0x16a6 <black_line_tracing+0x3c4>
    16a4:	94 60       	ori	r25, 0x04	; 4
    16a6:	66 b5       	in	r22, 0x26	; 38
    16a8:	77 b5       	in	r23, 0x27	; 39
    16aa:	62 17       	cp	r22, r18
    16ac:	73 07       	cpc	r23, r19
    16ae:	10 f4       	brcc	.+4      	; 0x16b4 <black_line_tracing+0x3d2>
    16b0:	26 b5       	in	r18, 0x26	; 38
    16b2:	37 b5       	in	r19, 0x27	; 39
    16b4:	88 b3       	in	r24, 0x18	; 24
    16b6:	80 7f       	andi	r24, 0xF0	; 240
    16b8:	89 2b       	or	r24, r25
    16ba:	88 bb       	out	0x18, r24	; 24
    16bc:	5b bd       	out	0x2b, r21	; 43
    16be:	4a bd       	out	0x2a, r20	; 42
    16c0:	39 bd       	out	0x29, r19	; 41
    16c2:	28 bd       	out	0x28, r18	; 40
    16c4:	df 91       	pop	r29
    16c6:	cf 91       	pop	r28
    16c8:	1f 91       	pop	r17
    16ca:	0f 91       	pop	r16
    16cc:	ff 90       	pop	r15
    16ce:	ef 90       	pop	r14
    16d0:	df 90       	pop	r13
    16d2:	cf 90       	pop	r12
    16d4:	08 95       	ret

000016d6 <black_line_tracing2>:
    16d6:	cf 92       	push	r12
    16d8:	df 92       	push	r13
    16da:	ef 92       	push	r14
    16dc:	ff 92       	push	r15
    16de:	0f 93       	push	r16
    16e0:	1f 93       	push	r17
    16e2:	cf 93       	push	r28
    16e4:	df 93       	push	r29
    16e6:	0e 94 7a 02 	call	0x4f4	; 0x4f4 <value_move>
    16ea:	02 e0       	ldi	r16, 0x02	; 2
    16ec:	10 e0       	ldi	r17, 0x00	; 0
    16ee:	4e c0       	rjmp	.+156    	; 0x178c <black_line_tracing2+0xb6>
    16f0:	c8 01       	movw	r24, r16
    16f2:	0e 94 70 02 	call	0x4e0	; 0x4e0 <read_adc>
    16f6:	e8 01       	movw	r28, r16
    16f8:	22 97       	sbiw	r28, 0x02	; 2
    16fa:	ae 01       	movw	r20, r28
    16fc:	44 0f       	add	r20, r20
    16fe:	55 1f       	adc	r21, r21
    1700:	fa 01       	movw	r30, r20
    1702:	e7 56       	subi	r30, 0x67	; 103
    1704:	fe 4f       	sbci	r31, 0xFE	; 254
    1706:	91 83       	std	Z+1, r25	; 0x01
    1708:	80 83       	st	Z, r24
    170a:	fa 01       	movw	r30, r20
    170c:	e3 54       	subi	r30, 0x43	; 67
    170e:	fe 4f       	sbci	r31, 0xFE	; 254
    1710:	01 90       	ld	r0, Z+
    1712:	f0 81       	ld	r31, Z
    1714:	e0 2d       	mov	r30, r0
    1716:	da 01       	movw	r26, r20
    1718:	a3 5f       	subi	r26, 0xF3	; 243
    171a:	be 4f       	sbci	r27, 0xFE	; 254
    171c:	ed 90       	ld	r14, X+
    171e:	fc 90       	ld	r15, X
    1720:	ee 15       	cp	r30, r14
    1722:	ff 05       	cpc	r31, r15
    1724:	19 f0       	breq	.+6      	; 0x172c <black_line_tracing2+0x56>
    1726:	ee 19       	sub	r30, r14
    1728:	ff 09       	sbc	r31, r15
    172a:	02 c0       	rjmp	.+4      	; 0x1730 <black_line_tracing2+0x5a>
    172c:	e1 e0       	ldi	r30, 0x01	; 1
    172e:	f0 e0       	ldi	r31, 0x00	; 0
    1730:	de 01       	movw	r26, r28
    1732:	16 96       	adiw	r26, 0x06	; 6
    1734:	aa 0f       	add	r26, r26
    1736:	bb 1f       	adc	r27, r27
    1738:	a7 56       	subi	r26, 0x67	; 103
    173a:	be 4f       	sbci	r27, 0xFE	; 254
    173c:	2d 91       	ld	r18, X+
    173e:	3c 91       	ld	r19, X
    1740:	82 0f       	add	r24, r18
    1742:	93 1f       	adc	r25, r19
    1744:	de 01       	movw	r26, r28
    1746:	1c 96       	adiw	r26, 0x0c	; 12
    1748:	aa 0f       	add	r26, r26
    174a:	bb 1f       	adc	r27, r27
    174c:	a7 56       	subi	r26, 0x67	; 103
    174e:	be 4f       	sbci	r27, 0xFE	; 254
    1750:	2d 91       	ld	r18, X+
    1752:	3c 91       	ld	r19, X
    1754:	82 0f       	add	r24, r18
    1756:	93 1f       	adc	r25, r19
    1758:	63 e0       	ldi	r22, 0x03	; 3
    175a:	70 e0       	ldi	r23, 0x00	; 0
    175c:	3f d7       	rcall	.+3710   	; 0x25dc <__divmodhi4>
    175e:	db 01       	movw	r26, r22
    1760:	ae 19       	sub	r26, r14
    1762:	bf 09       	sbc	r27, r15
    1764:	24 e6       	ldi	r18, 0x64	; 100
    1766:	30 e0       	ldi	r19, 0x00	; 0
    1768:	80 d7       	rcall	.+3840   	; 0x266a <__usmulhisi3>
    176a:	9f 01       	movw	r18, r30
    176c:	ff 0f       	add	r31, r31
    176e:	44 0b       	sbc	r20, r20
    1770:	55 0b       	sbc	r21, r21
    1772:	47 d7       	rcall	.+3726   	; 0x2602 <__divmodsi4>
    1774:	cc 0f       	add	r28, r28
    1776:	dd 1f       	adc	r29, r29
    1778:	c7 52       	subi	r28, 0x27	; 39
    177a:	de 4f       	sbci	r29, 0xFE	; 254
    177c:	84 e6       	ldi	r24, 0x64	; 100
    177e:	90 e0       	ldi	r25, 0x00	; 0
    1780:	82 1b       	sub	r24, r18
    1782:	93 0b       	sbc	r25, r19
    1784:	99 83       	std	Y+1, r25	; 0x01
    1786:	88 83       	st	Y, r24
    1788:	0f 5f       	subi	r16, 0xFF	; 255
    178a:	1f 4f       	sbci	r17, 0xFF	; 255
    178c:	08 30       	cpi	r16, 0x08	; 8
    178e:	11 05       	cpc	r17, r1
    1790:	0c f4       	brge	.+2      	; 0x1794 <black_line_tracing2+0xbe>
    1792:	ae cf       	rjmp	.-164    	; 0x16f0 <black_line_tracing2+0x1a>
    1794:	82 e0       	ldi	r24, 0x02	; 2
    1796:	90 e0       	ldi	r25, 0x00	; 0
    1798:	28 c0       	rjmp	.+80     	; 0x17ea <black_line_tracing2+0x114>
    179a:	fc 01       	movw	r30, r24
    179c:	32 97       	sbiw	r30, 0x02	; 2
    179e:	ee 0f       	add	r30, r30
    17a0:	ff 1f       	adc	r31, r31
    17a2:	e7 52       	subi	r30, 0x27	; 39
    17a4:	fe 4f       	sbci	r31, 0xFE	; 254
    17a6:	20 81       	ld	r18, Z
    17a8:	31 81       	ldd	r19, Z+1	; 0x01
    17aa:	22 33       	cpi	r18, 0x32	; 50
    17ac:	31 05       	cpc	r19, r1
    17ae:	7c f4       	brge	.+30     	; 0x17ce <black_line_tracing2+0xf8>
    17b0:	4b b3       	in	r20, 0x1b	; 27
    17b2:	bc 01       	movw	r22, r24
    17b4:	61 50       	subi	r22, 0x01	; 1
    17b6:	71 09       	sbc	r23, r1
    17b8:	21 e0       	ldi	r18, 0x01	; 1
    17ba:	30 e0       	ldi	r19, 0x00	; 0
    17bc:	02 c0       	rjmp	.+4      	; 0x17c2 <black_line_tracing2+0xec>
    17be:	22 0f       	add	r18, r18
    17c0:	33 1f       	adc	r19, r19
    17c2:	6a 95       	dec	r22
    17c4:	e2 f7       	brpl	.-8      	; 0x17be <black_line_tracing2+0xe8>
    17c6:	20 95       	com	r18
    17c8:	24 23       	and	r18, r20
    17ca:	2b bb       	out	0x1b, r18	; 27
    17cc:	0d c0       	rjmp	.+26     	; 0x17e8 <black_line_tracing2+0x112>
    17ce:	4b b3       	in	r20, 0x1b	; 27
    17d0:	bc 01       	movw	r22, r24
    17d2:	61 50       	subi	r22, 0x01	; 1
    17d4:	71 09       	sbc	r23, r1
    17d6:	21 e0       	ldi	r18, 0x01	; 1
    17d8:	30 e0       	ldi	r19, 0x00	; 0
    17da:	02 c0       	rjmp	.+4      	; 0x17e0 <black_line_tracing2+0x10a>
    17dc:	22 0f       	add	r18, r18
    17de:	33 1f       	adc	r19, r19
    17e0:	6a 95       	dec	r22
    17e2:	e2 f7       	brpl	.-8      	; 0x17dc <black_line_tracing2+0x106>
    17e4:	24 2b       	or	r18, r20
    17e6:	2b bb       	out	0x1b, r18	; 27
    17e8:	01 96       	adiw	r24, 0x01	; 1
    17ea:	88 30       	cpi	r24, 0x08	; 8
    17ec:	91 05       	cpc	r25, r1
    17ee:	ac f2       	brlt	.-86     	; 0x179a <black_line_tracing2+0xc4>
    17f0:	10 92 98 01 	sts	0x0198, r1	; 0x800198 <weight_sum+0x1>
    17f4:	10 92 97 01 	sts	0x0197, r1	; 0x800197 <weight_sum>
    17f8:	20 e0       	ldi	r18, 0x00	; 0
    17fa:	30 e0       	ldi	r19, 0x00	; 0
    17fc:	c0 e0       	ldi	r28, 0x00	; 0
    17fe:	d0 e0       	ldi	r29, 0x00	; 0
    1800:	24 c0       	rjmp	.+72     	; 0x184a <black_line_tracing2+0x174>
    1802:	c9 01       	movw	r24, r18
    1804:	88 0f       	add	r24, r24
    1806:	99 1f       	adc	r25, r25
    1808:	fc 01       	movw	r30, r24
    180a:	e7 52       	subi	r30, 0x27	; 39
    180c:	fe 4f       	sbci	r31, 0xFE	; 254
    180e:	40 81       	ld	r20, Z
    1810:	51 81       	ldd	r21, Z+1	; 0x01
    1812:	fc 01       	movw	r30, r24
    1814:	ef 5f       	subi	r30, 0xFF	; 255
    1816:	fe 4f       	sbci	r31, 0xFE	; 254
    1818:	60 81       	ld	r22, Z
    181a:	71 81       	ldd	r23, Z+1	; 0x01
    181c:	46 9f       	mul	r20, r22
    181e:	c0 01       	movw	r24, r0
    1820:	47 9f       	mul	r20, r23
    1822:	90 0d       	add	r25, r0
    1824:	56 9f       	mul	r21, r22
    1826:	90 0d       	add	r25, r0
    1828:	11 24       	eor	r1, r1
    182a:	60 91 97 01 	lds	r22, 0x0197	; 0x800197 <weight_sum>
    182e:	70 91 98 01 	lds	r23, 0x0198	; 0x800198 <weight_sum+0x1>
    1832:	86 0f       	add	r24, r22
    1834:	97 1f       	adc	r25, r23
    1836:	90 93 98 01 	sts	0x0198, r25	; 0x800198 <weight_sum+0x1>
    183a:	80 93 97 01 	sts	0x0197, r24	; 0x800197 <weight_sum>
    183e:	42 33       	cpi	r20, 0x32	; 50
    1840:	51 05       	cpc	r21, r1
    1842:	0c f4       	brge	.+2      	; 0x1846 <black_line_tracing2+0x170>
    1844:	21 96       	adiw	r28, 0x01	; 1
    1846:	2f 5f       	subi	r18, 0xFF	; 255
    1848:	3f 4f       	sbci	r19, 0xFF	; 255
    184a:	26 30       	cpi	r18, 0x06	; 6
    184c:	31 05       	cpc	r19, r1
    184e:	cc f2       	brlt	.-78     	; 0x1802 <black_line_tracing2+0x12c>
    1850:	0e 94 53 03 	call	0x6a6	; 0x6a6 <in_6verticle>
    1854:	80 91 95 01 	lds	r24, 0x0195	; 0x800195 <verticle>
    1858:	90 91 96 01 	lds	r25, 0x0196	; 0x800196 <verticle+0x1>
    185c:	83 30       	cpi	r24, 0x03	; 3
    185e:	91 05       	cpc	r25, r1
    1860:	29 f5       	brne	.+74     	; 0x18ac <black_line_tracing2+0x1d6>
    1862:	c6 30       	cpi	r28, 0x06	; 6
    1864:	d1 05       	cpc	r29, r1
    1866:	11 f5       	brne	.+68     	; 0x18ac <black_line_tracing2+0x1d6>
    1868:	1b bc       	out	0x2b, r1	; 43
    186a:	1a bc       	out	0x2a, r1	; 42
    186c:	19 bc       	out	0x29, r1	; 41
    186e:	18 bc       	out	0x28, r1	; 40
    1870:	2f ef       	ldi	r18, 0xFF	; 255
    1872:	83 ed       	ldi	r24, 0xD3	; 211
    1874:	90 e3       	ldi	r25, 0x30	; 48
    1876:	21 50       	subi	r18, 0x01	; 1
    1878:	80 40       	sbci	r24, 0x00	; 0
    187a:	90 40       	sbci	r25, 0x00	; 0
    187c:	e1 f7       	brne	.-8      	; 0x1876 <black_line_tracing2+0x1a0>
    187e:	00 c0       	rjmp	.+0      	; 0x1880 <black_line_tracing2+0x1aa>
    1880:	00 00       	nop
    1882:	81 e0       	ldi	r24, 0x01	; 1
    1884:	90 e0       	ldi	r25, 0x00	; 0
    1886:	0e 94 70 02 	call	0x4e0	; 0x4e0 <read_adc>
    188a:	8e 35       	cpi	r24, 0x5E	; 94
    188c:	91 40       	sbci	r25, 0x01	; 1
    188e:	3c f0       	brlt	.+14     	; 0x189e <black_line_tracing2+0x1c8>
    1890:	86 e0       	ldi	r24, 0x06	; 6
    1892:	90 e0       	ldi	r25, 0x00	; 0
    1894:	90 93 d8 01 	sts	0x01D8, r25	; 0x8001d8 <mode+0x1>
    1898:	80 93 d7 01 	sts	0x01D7, r24	; 0x8001d7 <mode>
    189c:	dd c0       	rjmp	.+442    	; 0x1a58 <black_line_tracing2+0x382>
    189e:	87 e0       	ldi	r24, 0x07	; 7
    18a0:	90 e0       	ldi	r25, 0x00	; 0
    18a2:	90 93 d8 01 	sts	0x01D8, r25	; 0x8001d8 <mode+0x1>
    18a6:	80 93 d7 01 	sts	0x01D7, r24	; 0x8001d7 <mode>
    18aa:	d6 c0       	rjmp	.+428    	; 0x1a58 <black_line_tracing2+0x382>
    18ac:	02 97       	sbiw	r24, 0x02	; 2
    18ae:	a1 f4       	brne	.+40     	; 0x18d8 <black_line_tracing2+0x202>
    18b0:	c6 30       	cpi	r28, 0x06	; 6
    18b2:	d1 05       	cpc	r29, r1
    18b4:	89 f4       	brne	.+34     	; 0x18d8 <black_line_tracing2+0x202>
    18b6:	1b bc       	out	0x2b, r1	; 43
    18b8:	1a bc       	out	0x2a, r1	; 42
    18ba:	19 bc       	out	0x29, r1	; 41
    18bc:	18 bc       	out	0x28, r1	; 40
    18be:	ff ef       	ldi	r31, 0xFF	; 255
    18c0:	27 ea       	ldi	r18, 0xA7	; 167
    18c2:	81 e6       	ldi	r24, 0x61	; 97
    18c4:	f1 50       	subi	r31, 0x01	; 1
    18c6:	20 40       	sbci	r18, 0x00	; 0
    18c8:	80 40       	sbci	r24, 0x00	; 0
    18ca:	e1 f7       	brne	.-8      	; 0x18c4 <black_line_tracing2+0x1ee>
    18cc:	00 c0       	rjmp	.+0      	; 0x18ce <black_line_tracing2+0x1f8>
    18ce:	00 00       	nop
    18d0:	84 e6       	ldi	r24, 0x64	; 100
    18d2:	90 e0       	ldi	r25, 0x00	; 0
    18d4:	ca dc       	rcall	.-1644   	; 0x126a <backward_ccw>
    18d6:	c0 c0       	rjmp	.+384    	; 0x1a58 <black_line_tracing2+0x382>
    18d8:	1c 16       	cp	r1, r28
    18da:	1d 06       	cpc	r1, r29
    18dc:	84 f4       	brge	.+32     	; 0x18fe <black_line_tracing2+0x228>
    18de:	80 91 97 01 	lds	r24, 0x0197	; 0x800197 <weight_sum>
    18e2:	90 91 98 01 	lds	r25, 0x0198	; 0x800198 <weight_sum+0x1>
    18e6:	00 97       	sbiw	r24, 0x00	; 0
    18e8:	51 f0       	breq	.+20     	; 0x18fe <black_line_tracing2+0x228>
    18ea:	1c f0       	brlt	.+6      	; 0x18f2 <black_line_tracing2+0x21c>
    18ec:	81 e0       	ldi	r24, 0x01	; 1
    18ee:	90 e0       	ldi	r25, 0x00	; 0
    18f0:	02 c0       	rjmp	.+4      	; 0x18f6 <black_line_tracing2+0x220>
    18f2:	8f ef       	ldi	r24, 0xFF	; 255
    18f4:	9f ef       	ldi	r25, 0xFF	; 255
    18f6:	90 93 81 01 	sts	0x0181, r25	; 0x800181 <last_dir.2428+0x1>
    18fa:	80 93 80 01 	sts	0x0180, r24	; 0x800180 <last_dir.2428>
    18fe:	cd 2b       	or	r28, r29
    1900:	89 f5       	brne	.+98     	; 0x1964 <black_line_tracing2+0x28e>
    1902:	86 b5       	in	r24, 0x26	; 38
    1904:	97 b5       	in	r25, 0x27	; 39
    1906:	a0 e0       	ldi	r26, 0x00	; 0
    1908:	b0 e0       	ldi	r27, 0x00	; 0
    190a:	ac 01       	movw	r20, r24
    190c:	bd 01       	movw	r22, r26
    190e:	44 0f       	add	r20, r20
    1910:	55 1f       	adc	r21, r21
    1912:	66 1f       	adc	r22, r22
    1914:	77 1f       	adc	r23, r23
    1916:	84 0f       	add	r24, r20
    1918:	95 1f       	adc	r25, r21
    191a:	a6 1f       	adc	r26, r22
    191c:	b7 1f       	adc	r27, r23
    191e:	ac 01       	movw	r20, r24
    1920:	bd 01       	movw	r22, r26
    1922:	44 0f       	add	r20, r20
    1924:	55 1f       	adc	r21, r21
    1926:	66 1f       	adc	r22, r22
    1928:	77 1f       	adc	r23, r23
    192a:	44 0f       	add	r20, r20
    192c:	55 1f       	adc	r21, r21
    192e:	66 1f       	adc	r22, r22
    1930:	77 1f       	adc	r23, r23
    1932:	8c 01       	movw	r16, r24
    1934:	9d 01       	movw	r18, r26
    1936:	04 0f       	add	r16, r20
    1938:	15 1f       	adc	r17, r21
    193a:	26 1f       	adc	r18, r22
    193c:	37 1f       	adc	r19, r23
    193e:	c9 01       	movw	r24, r18
    1940:	b8 01       	movw	r22, r16
    1942:	66 0f       	add	r22, r22
    1944:	77 1f       	adc	r23, r23
    1946:	88 1f       	adc	r24, r24
    1948:	99 1f       	adc	r25, r25
    194a:	24 e6       	ldi	r18, 0x64	; 100
    194c:	30 e0       	ldi	r19, 0x00	; 0
    194e:	40 e0       	ldi	r20, 0x00	; 0
    1950:	50 e0       	ldi	r21, 0x00	; 0
    1952:	57 d6       	rcall	.+3246   	; 0x2602 <__divmodsi4>
    1954:	a0 91 80 01 	lds	r26, 0x0180	; 0x800180 <last_dir.2428>
    1958:	b0 91 81 01 	lds	r27, 0x0181	; 0x800181 <last_dir.2428+0x1>
    195c:	8c d6       	rcall	.+3352   	; 0x2676 <__mulshisi3>
    195e:	6b 01       	movw	r12, r22
    1960:	7c 01       	movw	r14, r24
    1962:	35 c0       	rjmp	.+106    	; 0x19ce <black_line_tracing2+0x2f8>
    1964:	86 b5       	in	r24, 0x26	; 38
    1966:	97 b5       	in	r25, 0x27	; 39
    1968:	a0 e0       	ldi	r26, 0x00	; 0
    196a:	b0 e0       	ldi	r27, 0x00	; 0
    196c:	ac 01       	movw	r20, r24
    196e:	bd 01       	movw	r22, r26
    1970:	44 0f       	add	r20, r20
    1972:	55 1f       	adc	r21, r21
    1974:	66 1f       	adc	r22, r22
    1976:	77 1f       	adc	r23, r23
    1978:	84 0f       	add	r24, r20
    197a:	95 1f       	adc	r25, r21
    197c:	a6 1f       	adc	r26, r22
    197e:	b7 1f       	adc	r27, r23
    1980:	ac 01       	movw	r20, r24
    1982:	bd 01       	movw	r22, r26
    1984:	44 0f       	add	r20, r20
    1986:	55 1f       	adc	r21, r21
    1988:	66 1f       	adc	r22, r22
    198a:	77 1f       	adc	r23, r23
    198c:	44 0f       	add	r20, r20
    198e:	55 1f       	adc	r21, r21
    1990:	66 1f       	adc	r22, r22
    1992:	77 1f       	adc	r23, r23
    1994:	8c 01       	movw	r16, r24
    1996:	9d 01       	movw	r18, r26
    1998:	04 0f       	add	r16, r20
    199a:	15 1f       	adc	r17, r21
    199c:	26 1f       	adc	r18, r22
    199e:	37 1f       	adc	r19, r23
    19a0:	c9 01       	movw	r24, r18
    19a2:	b8 01       	movw	r22, r16
    19a4:	66 0f       	add	r22, r22
    19a6:	77 1f       	adc	r23, r23
    19a8:	88 1f       	adc	r24, r24
    19aa:	99 1f       	adc	r25, r25
    19ac:	24 e6       	ldi	r18, 0x64	; 100
    19ae:	30 e0       	ldi	r19, 0x00	; 0
    19b0:	40 e0       	ldi	r20, 0x00	; 0
    19b2:	50 e0       	ldi	r21, 0x00	; 0
    19b4:	26 d6       	rcall	.+3148   	; 0x2602 <__divmodsi4>
    19b6:	a0 91 97 01 	lds	r26, 0x0197	; 0x800197 <weight_sum>
    19ba:	b0 91 98 01 	lds	r27, 0x0198	; 0x800198 <weight_sum+0x1>
    19be:	5b d6       	rcall	.+3254   	; 0x2676 <__mulshisi3>
    19c0:	20 e2       	ldi	r18, 0x20	; 32
    19c2:	33 e0       	ldi	r19, 0x03	; 3
    19c4:	40 e0       	ldi	r20, 0x00	; 0
    19c6:	50 e0       	ldi	r21, 0x00	; 0
    19c8:	1c d6       	rcall	.+3128   	; 0x2602 <__divmodsi4>
    19ca:	69 01       	movw	r12, r18
    19cc:	7a 01       	movw	r14, r20
    19ce:	86 b5       	in	r24, 0x26	; 38
    19d0:	97 b5       	in	r25, 0x27	; 39
    19d2:	44 e1       	ldi	r20, 0x14	; 20
    19d4:	48 9f       	mul	r20, r24
    19d6:	90 01       	movw	r18, r0
    19d8:	49 9f       	mul	r20, r25
    19da:	30 0d       	add	r19, r0
    19dc:	11 24       	eor	r1, r1
    19de:	36 95       	lsr	r19
    19e0:	27 95       	ror	r18
    19e2:	36 95       	lsr	r19
    19e4:	27 95       	ror	r18
    19e6:	ab e7       	ldi	r26, 0x7B	; 123
    19e8:	b4 e1       	ldi	r27, 0x14	; 20
    19ea:	30 d6       	rcall	.+3168   	; 0x264c <__umulhisi3>
    19ec:	bc 01       	movw	r22, r24
    19ee:	76 95       	lsr	r23
    19f0:	67 95       	ror	r22
    19f2:	20 91 27 01 	lds	r18, 0x0127	; 0x800127 <base_speed>
    19f6:	30 91 28 01 	lds	r19, 0x0128	; 0x800128 <base_speed+0x1>
    19fa:	a9 01       	movw	r20, r18
    19fc:	4c 0d       	add	r20, r12
    19fe:	5d 1d       	adc	r21, r13
    1a00:	2c 19       	sub	r18, r12
    1a02:	3d 09       	sbc	r19, r13
    1a04:	46 17       	cp	r20, r22
    1a06:	57 07       	cpc	r21, r23
    1a08:	34 f4       	brge	.+12     	; 0x1a16 <black_line_tracing2+0x340>
    1a0a:	fb 01       	movw	r30, r22
    1a0c:	e4 1b       	sub	r30, r20
    1a0e:	f5 0b       	sbc	r31, r21
    1a10:	af 01       	movw	r20, r30
    1a12:	92 e0       	ldi	r25, 0x02	; 2
    1a14:	01 c0       	rjmp	.+2      	; 0x1a18 <black_line_tracing2+0x342>
    1a16:	91 e0       	ldi	r25, 0x01	; 1
    1a18:	e6 b5       	in	r30, 0x26	; 38
    1a1a:	f7 b5       	in	r31, 0x27	; 39
    1a1c:	e4 17       	cp	r30, r20
    1a1e:	f5 07       	cpc	r31, r21
    1a20:	10 f4       	brcc	.+4      	; 0x1a26 <black_line_tracing2+0x350>
    1a22:	46 b5       	in	r20, 0x26	; 38
    1a24:	57 b5       	in	r21, 0x27	; 39
    1a26:	26 17       	cp	r18, r22
    1a28:	37 07       	cpc	r19, r23
    1a2a:	34 f4       	brge	.+12     	; 0x1a38 <black_line_tracing2+0x362>
    1a2c:	98 60       	ori	r25, 0x08	; 8
    1a2e:	fb 01       	movw	r30, r22
    1a30:	e2 1b       	sub	r30, r18
    1a32:	f3 0b       	sbc	r31, r19
    1a34:	9f 01       	movw	r18, r30
    1a36:	01 c0       	rjmp	.+2      	; 0x1a3a <black_line_tracing2+0x364>
    1a38:	94 60       	ori	r25, 0x04	; 4
    1a3a:	66 b5       	in	r22, 0x26	; 38
    1a3c:	77 b5       	in	r23, 0x27	; 39
    1a3e:	62 17       	cp	r22, r18
    1a40:	73 07       	cpc	r23, r19
    1a42:	10 f4       	brcc	.+4      	; 0x1a48 <black_line_tracing2+0x372>
    1a44:	26 b5       	in	r18, 0x26	; 38
    1a46:	37 b5       	in	r19, 0x27	; 39
    1a48:	88 b3       	in	r24, 0x18	; 24
    1a4a:	80 7f       	andi	r24, 0xF0	; 240
    1a4c:	89 2b       	or	r24, r25
    1a4e:	88 bb       	out	0x18, r24	; 24
    1a50:	5b bd       	out	0x2b, r21	; 43
    1a52:	4a bd       	out	0x2a, r20	; 42
    1a54:	39 bd       	out	0x29, r19	; 41
    1a56:	28 bd       	out	0x28, r18	; 40
    1a58:	df 91       	pop	r29
    1a5a:	cf 91       	pop	r28
    1a5c:	1f 91       	pop	r17
    1a5e:	0f 91       	pop	r16
    1a60:	ff 90       	pop	r15
    1a62:	ef 90       	pop	r14
    1a64:	df 90       	pop	r13
    1a66:	cf 90       	pop	r12
    1a68:	08 95       	ret

00001a6a <black_line_tracing3>:
    1a6a:	cf 92       	push	r12
    1a6c:	df 92       	push	r13
    1a6e:	ef 92       	push	r14
    1a70:	ff 92       	push	r15
    1a72:	0f 93       	push	r16
    1a74:	1f 93       	push	r17
    1a76:	cf 93       	push	r28
    1a78:	df 93       	push	r29
    1a7a:	0e 94 7a 02 	call	0x4f4	; 0x4f4 <value_move>
    1a7e:	02 e0       	ldi	r16, 0x02	; 2
    1a80:	10 e0       	ldi	r17, 0x00	; 0
    1a82:	4e c0       	rjmp	.+156    	; 0x1b20 <black_line_tracing3+0xb6>
    1a84:	c8 01       	movw	r24, r16
    1a86:	0e 94 70 02 	call	0x4e0	; 0x4e0 <read_adc>
    1a8a:	e8 01       	movw	r28, r16
    1a8c:	22 97       	sbiw	r28, 0x02	; 2
    1a8e:	ae 01       	movw	r20, r28
    1a90:	44 0f       	add	r20, r20
    1a92:	55 1f       	adc	r21, r21
    1a94:	fa 01       	movw	r30, r20
    1a96:	e7 56       	subi	r30, 0x67	; 103
    1a98:	fe 4f       	sbci	r31, 0xFE	; 254
    1a9a:	91 83       	std	Z+1, r25	; 0x01
    1a9c:	80 83       	st	Z, r24
    1a9e:	fa 01       	movw	r30, r20
    1aa0:	e3 54       	subi	r30, 0x43	; 67
    1aa2:	fe 4f       	sbci	r31, 0xFE	; 254
    1aa4:	01 90       	ld	r0, Z+
    1aa6:	f0 81       	ld	r31, Z
    1aa8:	e0 2d       	mov	r30, r0
    1aaa:	da 01       	movw	r26, r20
    1aac:	a3 5f       	subi	r26, 0xF3	; 243
    1aae:	be 4f       	sbci	r27, 0xFE	; 254
    1ab0:	ed 90       	ld	r14, X+
    1ab2:	fc 90       	ld	r15, X
    1ab4:	ee 15       	cp	r30, r14
    1ab6:	ff 05       	cpc	r31, r15
    1ab8:	19 f0       	breq	.+6      	; 0x1ac0 <black_line_tracing3+0x56>
    1aba:	ee 19       	sub	r30, r14
    1abc:	ff 09       	sbc	r31, r15
    1abe:	02 c0       	rjmp	.+4      	; 0x1ac4 <black_line_tracing3+0x5a>
    1ac0:	e1 e0       	ldi	r30, 0x01	; 1
    1ac2:	f0 e0       	ldi	r31, 0x00	; 0
    1ac4:	de 01       	movw	r26, r28
    1ac6:	16 96       	adiw	r26, 0x06	; 6
    1ac8:	aa 0f       	add	r26, r26
    1aca:	bb 1f       	adc	r27, r27
    1acc:	a7 56       	subi	r26, 0x67	; 103
    1ace:	be 4f       	sbci	r27, 0xFE	; 254
    1ad0:	2d 91       	ld	r18, X+
    1ad2:	3c 91       	ld	r19, X
    1ad4:	82 0f       	add	r24, r18
    1ad6:	93 1f       	adc	r25, r19
    1ad8:	de 01       	movw	r26, r28
    1ada:	1c 96       	adiw	r26, 0x0c	; 12
    1adc:	aa 0f       	add	r26, r26
    1ade:	bb 1f       	adc	r27, r27
    1ae0:	a7 56       	subi	r26, 0x67	; 103
    1ae2:	be 4f       	sbci	r27, 0xFE	; 254
    1ae4:	2d 91       	ld	r18, X+
    1ae6:	3c 91       	ld	r19, X
    1ae8:	82 0f       	add	r24, r18
    1aea:	93 1f       	adc	r25, r19
    1aec:	63 e0       	ldi	r22, 0x03	; 3
    1aee:	70 e0       	ldi	r23, 0x00	; 0
    1af0:	75 d5       	rcall	.+2794   	; 0x25dc <__divmodhi4>
    1af2:	db 01       	movw	r26, r22
    1af4:	ae 19       	sub	r26, r14
    1af6:	bf 09       	sbc	r27, r15
    1af8:	24 e6       	ldi	r18, 0x64	; 100
    1afa:	30 e0       	ldi	r19, 0x00	; 0
    1afc:	b6 d5       	rcall	.+2924   	; 0x266a <__usmulhisi3>
    1afe:	9f 01       	movw	r18, r30
    1b00:	ff 0f       	add	r31, r31
    1b02:	44 0b       	sbc	r20, r20
    1b04:	55 0b       	sbc	r21, r21
    1b06:	7d d5       	rcall	.+2810   	; 0x2602 <__divmodsi4>
    1b08:	cc 0f       	add	r28, r28
    1b0a:	dd 1f       	adc	r29, r29
    1b0c:	c7 52       	subi	r28, 0x27	; 39
    1b0e:	de 4f       	sbci	r29, 0xFE	; 254
    1b10:	84 e6       	ldi	r24, 0x64	; 100
    1b12:	90 e0       	ldi	r25, 0x00	; 0
    1b14:	82 1b       	sub	r24, r18
    1b16:	93 0b       	sbc	r25, r19
    1b18:	99 83       	std	Y+1, r25	; 0x01
    1b1a:	88 83       	st	Y, r24
    1b1c:	0f 5f       	subi	r16, 0xFF	; 255
    1b1e:	1f 4f       	sbci	r17, 0xFF	; 255
    1b20:	08 30       	cpi	r16, 0x08	; 8
    1b22:	11 05       	cpc	r17, r1
    1b24:	0c f4       	brge	.+2      	; 0x1b28 <black_line_tracing3+0xbe>
    1b26:	ae cf       	rjmp	.-164    	; 0x1a84 <black_line_tracing3+0x1a>
    1b28:	82 e0       	ldi	r24, 0x02	; 2
    1b2a:	90 e0       	ldi	r25, 0x00	; 0
    1b2c:	28 c0       	rjmp	.+80     	; 0x1b7e <black_line_tracing3+0x114>
    1b2e:	fc 01       	movw	r30, r24
    1b30:	32 97       	sbiw	r30, 0x02	; 2
    1b32:	ee 0f       	add	r30, r30
    1b34:	ff 1f       	adc	r31, r31
    1b36:	e7 52       	subi	r30, 0x27	; 39
    1b38:	fe 4f       	sbci	r31, 0xFE	; 254
    1b3a:	20 81       	ld	r18, Z
    1b3c:	31 81       	ldd	r19, Z+1	; 0x01
    1b3e:	22 33       	cpi	r18, 0x32	; 50
    1b40:	31 05       	cpc	r19, r1
    1b42:	7c f4       	brge	.+30     	; 0x1b62 <black_line_tracing3+0xf8>
    1b44:	4b b3       	in	r20, 0x1b	; 27
    1b46:	bc 01       	movw	r22, r24
    1b48:	61 50       	subi	r22, 0x01	; 1
    1b4a:	71 09       	sbc	r23, r1
    1b4c:	21 e0       	ldi	r18, 0x01	; 1
    1b4e:	30 e0       	ldi	r19, 0x00	; 0
    1b50:	02 c0       	rjmp	.+4      	; 0x1b56 <black_line_tracing3+0xec>
    1b52:	22 0f       	add	r18, r18
    1b54:	33 1f       	adc	r19, r19
    1b56:	6a 95       	dec	r22
    1b58:	e2 f7       	brpl	.-8      	; 0x1b52 <black_line_tracing3+0xe8>
    1b5a:	20 95       	com	r18
    1b5c:	24 23       	and	r18, r20
    1b5e:	2b bb       	out	0x1b, r18	; 27
    1b60:	0d c0       	rjmp	.+26     	; 0x1b7c <black_line_tracing3+0x112>
    1b62:	4b b3       	in	r20, 0x1b	; 27
    1b64:	bc 01       	movw	r22, r24
    1b66:	61 50       	subi	r22, 0x01	; 1
    1b68:	71 09       	sbc	r23, r1
    1b6a:	21 e0       	ldi	r18, 0x01	; 1
    1b6c:	30 e0       	ldi	r19, 0x00	; 0
    1b6e:	02 c0       	rjmp	.+4      	; 0x1b74 <black_line_tracing3+0x10a>
    1b70:	22 0f       	add	r18, r18
    1b72:	33 1f       	adc	r19, r19
    1b74:	6a 95       	dec	r22
    1b76:	e2 f7       	brpl	.-8      	; 0x1b70 <black_line_tracing3+0x106>
    1b78:	24 2b       	or	r18, r20
    1b7a:	2b bb       	out	0x1b, r18	; 27
    1b7c:	01 96       	adiw	r24, 0x01	; 1
    1b7e:	88 30       	cpi	r24, 0x08	; 8
    1b80:	91 05       	cpc	r25, r1
    1b82:	ac f2       	brlt	.-86     	; 0x1b2e <black_line_tracing3+0xc4>
    1b84:	10 92 98 01 	sts	0x0198, r1	; 0x800198 <weight_sum+0x1>
    1b88:	10 92 97 01 	sts	0x0197, r1	; 0x800197 <weight_sum>
    1b8c:	20 e0       	ldi	r18, 0x00	; 0
    1b8e:	30 e0       	ldi	r19, 0x00	; 0
    1b90:	c0 e0       	ldi	r28, 0x00	; 0
    1b92:	d0 e0       	ldi	r29, 0x00	; 0
    1b94:	24 c0       	rjmp	.+72     	; 0x1bde <black_line_tracing3+0x174>
    1b96:	c9 01       	movw	r24, r18
    1b98:	88 0f       	add	r24, r24
    1b9a:	99 1f       	adc	r25, r25
    1b9c:	fc 01       	movw	r30, r24
    1b9e:	e7 52       	subi	r30, 0x27	; 39
    1ba0:	fe 4f       	sbci	r31, 0xFE	; 254
    1ba2:	40 81       	ld	r20, Z
    1ba4:	51 81       	ldd	r21, Z+1	; 0x01
    1ba6:	fc 01       	movw	r30, r24
    1ba8:	ef 5f       	subi	r30, 0xFF	; 255
    1baa:	fe 4f       	sbci	r31, 0xFE	; 254
    1bac:	60 81       	ld	r22, Z
    1bae:	71 81       	ldd	r23, Z+1	; 0x01
    1bb0:	46 9f       	mul	r20, r22
    1bb2:	c0 01       	movw	r24, r0
    1bb4:	47 9f       	mul	r20, r23
    1bb6:	90 0d       	add	r25, r0
    1bb8:	56 9f       	mul	r21, r22
    1bba:	90 0d       	add	r25, r0
    1bbc:	11 24       	eor	r1, r1
    1bbe:	60 91 97 01 	lds	r22, 0x0197	; 0x800197 <weight_sum>
    1bc2:	70 91 98 01 	lds	r23, 0x0198	; 0x800198 <weight_sum+0x1>
    1bc6:	86 0f       	add	r24, r22
    1bc8:	97 1f       	adc	r25, r23
    1bca:	90 93 98 01 	sts	0x0198, r25	; 0x800198 <weight_sum+0x1>
    1bce:	80 93 97 01 	sts	0x0197, r24	; 0x800197 <weight_sum>
    1bd2:	42 33       	cpi	r20, 0x32	; 50
    1bd4:	51 05       	cpc	r21, r1
    1bd6:	0c f4       	brge	.+2      	; 0x1bda <black_line_tracing3+0x170>
    1bd8:	21 96       	adiw	r28, 0x01	; 1
    1bda:	2f 5f       	subi	r18, 0xFF	; 255
    1bdc:	3f 4f       	sbci	r19, 0xFF	; 255
    1bde:	26 30       	cpi	r18, 0x06	; 6
    1be0:	31 05       	cpc	r19, r1
    1be2:	cc f2       	brlt	.-78     	; 0x1b96 <black_line_tracing3+0x12c>
    1be4:	0e 94 53 03 	call	0x6a6	; 0x6a6 <in_6verticle>
    1be8:	80 91 95 01 	lds	r24, 0x0195	; 0x800195 <verticle>
    1bec:	90 91 96 01 	lds	r25, 0x0196	; 0x800196 <verticle+0x1>
    1bf0:	02 97       	sbiw	r24, 0x02	; 2
    1bf2:	c1 f4       	brne	.+48     	; 0x1c24 <black_line_tracing3+0x1ba>
    1bf4:	c6 30       	cpi	r28, 0x06	; 6
    1bf6:	d1 05       	cpc	r29, r1
    1bf8:	a9 f4       	brne	.+42     	; 0x1c24 <black_line_tracing3+0x1ba>
    1bfa:	8c ed       	ldi	r24, 0xDC	; 220
    1bfc:	95 e0       	ldi	r25, 0x05	; 5
    1bfe:	f9 da       	rcall	.-2574   	; 0x11f2 <forward_ccw>
    1c00:	24 e5       	ldi	r18, 0x54	; 84
    1c02:	31 e8       	ldi	r19, 0x81	; 129
    1c04:	82 ef       	ldi	r24, 0xF2	; 242
    1c06:	97 e0       	ldi	r25, 0x07	; 7
    1c08:	21 50       	subi	r18, 0x01	; 1
    1c0a:	30 40       	sbci	r19, 0x00	; 0
    1c0c:	80 40       	sbci	r24, 0x00	; 0
    1c0e:	90 40       	sbci	r25, 0x00	; 0
    1c10:	d9 f7       	brne	.-10     	; 0x1c08 <black_line_tracing3+0x19e>
    1c12:	00 c0       	rjmp	.+0      	; 0x1c14 <black_line_tracing3+0x1aa>
    1c14:	00 c0       	rjmp	.+0      	; 0x1c16 <black_line_tracing3+0x1ac>
    1c16:	00 00       	nop
    1c18:	81 e0       	ldi	r24, 0x01	; 1
    1c1a:	90 e0       	ldi	r25, 0x00	; 0
    1c1c:	90 93 d6 01 	sts	0x01D6, r25	; 0x8001d6 <finished+0x1>
    1c20:	80 93 d5 01 	sts	0x01D5, r24	; 0x8001d5 <finished>
    1c24:	1c 16       	cp	r1, r28
    1c26:	1d 06       	cpc	r1, r29
    1c28:	84 f4       	brge	.+32     	; 0x1c4a <black_line_tracing3+0x1e0>
    1c2a:	80 91 97 01 	lds	r24, 0x0197	; 0x800197 <weight_sum>
    1c2e:	90 91 98 01 	lds	r25, 0x0198	; 0x800198 <weight_sum+0x1>
    1c32:	00 97       	sbiw	r24, 0x00	; 0
    1c34:	51 f0       	breq	.+20     	; 0x1c4a <black_line_tracing3+0x1e0>
    1c36:	1c f0       	brlt	.+6      	; 0x1c3e <black_line_tracing3+0x1d4>
    1c38:	81 e0       	ldi	r24, 0x01	; 1
    1c3a:	90 e0       	ldi	r25, 0x00	; 0
    1c3c:	02 c0       	rjmp	.+4      	; 0x1c42 <black_line_tracing3+0x1d8>
    1c3e:	8f ef       	ldi	r24, 0xFF	; 255
    1c40:	9f ef       	ldi	r25, 0xFF	; 255
    1c42:	90 93 7f 01 	sts	0x017F, r25	; 0x80017f <last_dir.2452+0x1>
    1c46:	80 93 7e 01 	sts	0x017E, r24	; 0x80017e <last_dir.2452>
    1c4a:	cd 2b       	or	r28, r29
    1c4c:	89 f5       	brne	.+98     	; 0x1cb0 <black_line_tracing3+0x246>
    1c4e:	86 b5       	in	r24, 0x26	; 38
    1c50:	97 b5       	in	r25, 0x27	; 39
    1c52:	a0 e0       	ldi	r26, 0x00	; 0
    1c54:	b0 e0       	ldi	r27, 0x00	; 0
    1c56:	ac 01       	movw	r20, r24
    1c58:	bd 01       	movw	r22, r26
    1c5a:	44 0f       	add	r20, r20
    1c5c:	55 1f       	adc	r21, r21
    1c5e:	66 1f       	adc	r22, r22
    1c60:	77 1f       	adc	r23, r23
    1c62:	84 0f       	add	r24, r20
    1c64:	95 1f       	adc	r25, r21
    1c66:	a6 1f       	adc	r26, r22
    1c68:	b7 1f       	adc	r27, r23
    1c6a:	ac 01       	movw	r20, r24
    1c6c:	bd 01       	movw	r22, r26
    1c6e:	44 0f       	add	r20, r20
    1c70:	55 1f       	adc	r21, r21
    1c72:	66 1f       	adc	r22, r22
    1c74:	77 1f       	adc	r23, r23
    1c76:	44 0f       	add	r20, r20
    1c78:	55 1f       	adc	r21, r21
    1c7a:	66 1f       	adc	r22, r22
    1c7c:	77 1f       	adc	r23, r23
    1c7e:	8c 01       	movw	r16, r24
    1c80:	9d 01       	movw	r18, r26
    1c82:	04 0f       	add	r16, r20
    1c84:	15 1f       	adc	r17, r21
    1c86:	26 1f       	adc	r18, r22
    1c88:	37 1f       	adc	r19, r23
    1c8a:	c9 01       	movw	r24, r18
    1c8c:	b8 01       	movw	r22, r16
    1c8e:	66 0f       	add	r22, r22
    1c90:	77 1f       	adc	r23, r23
    1c92:	88 1f       	adc	r24, r24
    1c94:	99 1f       	adc	r25, r25
    1c96:	24 e6       	ldi	r18, 0x64	; 100
    1c98:	30 e0       	ldi	r19, 0x00	; 0
    1c9a:	40 e0       	ldi	r20, 0x00	; 0
    1c9c:	50 e0       	ldi	r21, 0x00	; 0
    1c9e:	b1 d4       	rcall	.+2402   	; 0x2602 <__divmodsi4>
    1ca0:	a0 91 7e 01 	lds	r26, 0x017E	; 0x80017e <last_dir.2452>
    1ca4:	b0 91 7f 01 	lds	r27, 0x017F	; 0x80017f <last_dir.2452+0x1>
    1ca8:	e6 d4       	rcall	.+2508   	; 0x2676 <__mulshisi3>
    1caa:	6b 01       	movw	r12, r22
    1cac:	7c 01       	movw	r14, r24
    1cae:	35 c0       	rjmp	.+106    	; 0x1d1a <black_line_tracing3+0x2b0>
    1cb0:	86 b5       	in	r24, 0x26	; 38
    1cb2:	97 b5       	in	r25, 0x27	; 39
    1cb4:	a0 e0       	ldi	r26, 0x00	; 0
    1cb6:	b0 e0       	ldi	r27, 0x00	; 0
    1cb8:	ac 01       	movw	r20, r24
    1cba:	bd 01       	movw	r22, r26
    1cbc:	44 0f       	add	r20, r20
    1cbe:	55 1f       	adc	r21, r21
    1cc0:	66 1f       	adc	r22, r22
    1cc2:	77 1f       	adc	r23, r23
    1cc4:	84 0f       	add	r24, r20
    1cc6:	95 1f       	adc	r25, r21
    1cc8:	a6 1f       	adc	r26, r22
    1cca:	b7 1f       	adc	r27, r23
    1ccc:	ac 01       	movw	r20, r24
    1cce:	bd 01       	movw	r22, r26
    1cd0:	44 0f       	add	r20, r20
    1cd2:	55 1f       	adc	r21, r21
    1cd4:	66 1f       	adc	r22, r22
    1cd6:	77 1f       	adc	r23, r23
    1cd8:	44 0f       	add	r20, r20
    1cda:	55 1f       	adc	r21, r21
    1cdc:	66 1f       	adc	r22, r22
    1cde:	77 1f       	adc	r23, r23
    1ce0:	8c 01       	movw	r16, r24
    1ce2:	9d 01       	movw	r18, r26
    1ce4:	04 0f       	add	r16, r20
    1ce6:	15 1f       	adc	r17, r21
    1ce8:	26 1f       	adc	r18, r22
    1cea:	37 1f       	adc	r19, r23
    1cec:	c9 01       	movw	r24, r18
    1cee:	b8 01       	movw	r22, r16
    1cf0:	66 0f       	add	r22, r22
    1cf2:	77 1f       	adc	r23, r23
    1cf4:	88 1f       	adc	r24, r24
    1cf6:	99 1f       	adc	r25, r25
    1cf8:	24 e6       	ldi	r18, 0x64	; 100
    1cfa:	30 e0       	ldi	r19, 0x00	; 0
    1cfc:	40 e0       	ldi	r20, 0x00	; 0
    1cfe:	50 e0       	ldi	r21, 0x00	; 0
    1d00:	80 d4       	rcall	.+2304   	; 0x2602 <__divmodsi4>
    1d02:	a0 91 97 01 	lds	r26, 0x0197	; 0x800197 <weight_sum>
    1d06:	b0 91 98 01 	lds	r27, 0x0198	; 0x800198 <weight_sum+0x1>
    1d0a:	b5 d4       	rcall	.+2410   	; 0x2676 <__mulshisi3>
    1d0c:	20 e2       	ldi	r18, 0x20	; 32
    1d0e:	33 e0       	ldi	r19, 0x03	; 3
    1d10:	40 e0       	ldi	r20, 0x00	; 0
    1d12:	50 e0       	ldi	r21, 0x00	; 0
    1d14:	76 d4       	rcall	.+2284   	; 0x2602 <__divmodsi4>
    1d16:	69 01       	movw	r12, r18
    1d18:	7a 01       	movw	r14, r20
    1d1a:	86 b5       	in	r24, 0x26	; 38
    1d1c:	97 b5       	in	r25, 0x27	; 39
    1d1e:	44 e1       	ldi	r20, 0x14	; 20
    1d20:	48 9f       	mul	r20, r24
    1d22:	90 01       	movw	r18, r0
    1d24:	49 9f       	mul	r20, r25
    1d26:	30 0d       	add	r19, r0
    1d28:	11 24       	eor	r1, r1
    1d2a:	36 95       	lsr	r19
    1d2c:	27 95       	ror	r18
    1d2e:	36 95       	lsr	r19
    1d30:	27 95       	ror	r18
    1d32:	ab e7       	ldi	r26, 0x7B	; 123
    1d34:	b4 e1       	ldi	r27, 0x14	; 20
    1d36:	8a d4       	rcall	.+2324   	; 0x264c <__umulhisi3>
    1d38:	bc 01       	movw	r22, r24
    1d3a:	76 95       	lsr	r23
    1d3c:	67 95       	ror	r22
    1d3e:	20 91 27 01 	lds	r18, 0x0127	; 0x800127 <base_speed>
    1d42:	30 91 28 01 	lds	r19, 0x0128	; 0x800128 <base_speed+0x1>
    1d46:	a9 01       	movw	r20, r18
    1d48:	4c 0d       	add	r20, r12
    1d4a:	5d 1d       	adc	r21, r13
    1d4c:	2c 19       	sub	r18, r12
    1d4e:	3d 09       	sbc	r19, r13
    1d50:	46 17       	cp	r20, r22
    1d52:	57 07       	cpc	r21, r23
    1d54:	34 f4       	brge	.+12     	; 0x1d62 <black_line_tracing3+0x2f8>
    1d56:	fb 01       	movw	r30, r22
    1d58:	e4 1b       	sub	r30, r20
    1d5a:	f5 0b       	sbc	r31, r21
    1d5c:	af 01       	movw	r20, r30
    1d5e:	92 e0       	ldi	r25, 0x02	; 2
    1d60:	01 c0       	rjmp	.+2      	; 0x1d64 <black_line_tracing3+0x2fa>
    1d62:	91 e0       	ldi	r25, 0x01	; 1
    1d64:	e6 b5       	in	r30, 0x26	; 38
    1d66:	f7 b5       	in	r31, 0x27	; 39
    1d68:	e4 17       	cp	r30, r20
    1d6a:	f5 07       	cpc	r31, r21
    1d6c:	10 f4       	brcc	.+4      	; 0x1d72 <black_line_tracing3+0x308>
    1d6e:	46 b5       	in	r20, 0x26	; 38
    1d70:	57 b5       	in	r21, 0x27	; 39
    1d72:	26 17       	cp	r18, r22
    1d74:	37 07       	cpc	r19, r23
    1d76:	34 f4       	brge	.+12     	; 0x1d84 <black_line_tracing3+0x31a>
    1d78:	98 60       	ori	r25, 0x08	; 8
    1d7a:	fb 01       	movw	r30, r22
    1d7c:	e2 1b       	sub	r30, r18
    1d7e:	f3 0b       	sbc	r31, r19
    1d80:	9f 01       	movw	r18, r30
    1d82:	01 c0       	rjmp	.+2      	; 0x1d86 <black_line_tracing3+0x31c>
    1d84:	94 60       	ori	r25, 0x04	; 4
    1d86:	66 b5       	in	r22, 0x26	; 38
    1d88:	77 b5       	in	r23, 0x27	; 39
    1d8a:	62 17       	cp	r22, r18
    1d8c:	73 07       	cpc	r23, r19
    1d8e:	10 f4       	brcc	.+4      	; 0x1d94 <black_line_tracing3+0x32a>
    1d90:	26 b5       	in	r18, 0x26	; 38
    1d92:	37 b5       	in	r19, 0x27	; 39
    1d94:	88 b3       	in	r24, 0x18	; 24
    1d96:	80 7f       	andi	r24, 0xF0	; 240
    1d98:	89 2b       	or	r24, r25
    1d9a:	88 bb       	out	0x18, r24	; 24
    1d9c:	5b bd       	out	0x2b, r21	; 43
    1d9e:	4a bd       	out	0x2a, r20	; 42
    1da0:	39 bd       	out	0x29, r19	; 41
    1da2:	28 bd       	out	0x28, r18	; 40
    1da4:	df 91       	pop	r29
    1da6:	cf 91       	pop	r28
    1da8:	1f 91       	pop	r17
    1daa:	0f 91       	pop	r16
    1dac:	ff 90       	pop	r15
    1dae:	ef 90       	pop	r14
    1db0:	df 90       	pop	r13
    1db2:	cf 90       	pop	r12
    1db4:	08 95       	ret

00001db6 <black_calibration>:
void black_calibration(){
    1db6:	cf 93       	push	r28
    1db8:	df 93       	push	r29
	value_move();
    1dba:	0e 94 7a 02 	call	0x4f4	; 0x4f4 <value_move>
	for (int i=2;i<8;i++){
    1dbe:	c2 e0       	ldi	r28, 0x02	; 2
    1dc0:	d0 e0       	ldi	r29, 0x00	; 0
    1dc2:	2f c0       	rjmp	.+94     	; 0x1e22 <black_calibration+0x6c>
		int adc_value=read_adc(i);
    1dc4:	ce 01       	movw	r24, r28
    1dc6:	0e 94 70 02 	call	0x4e0	; 0x4e0 <read_adc>
		current_ir[0][i-2]=adc_value;
    1dca:	9e 01       	movw	r18, r28
    1dcc:	22 50       	subi	r18, 0x02	; 2
    1dce:	31 09       	sbc	r19, r1
    1dd0:	a9 01       	movw	r20, r18
    1dd2:	44 0f       	add	r20, r20
    1dd4:	55 1f       	adc	r21, r21
    1dd6:	fa 01       	movw	r30, r20
    1dd8:	e7 56       	subi	r30, 0x67	; 103
    1dda:	fe 4f       	sbci	r31, 0xFE	; 254
    1ddc:	91 83       	std	Z+1, r25	; 0x01
    1dde:	80 83       	st	Z, r24
		if (max_ir_black[i-2]<=adc_value){
    1de0:	fa 01       	movw	r30, r20
    1de2:	e3 54       	subi	r30, 0x43	; 67
    1de4:	fe 4f       	sbci	r31, 0xFE	; 254
    1de6:	40 81       	ld	r20, Z
    1de8:	51 81       	ldd	r21, Z+1	; 0x01
    1dea:	84 17       	cp	r24, r20
    1dec:	95 07       	cpc	r25, r21
    1dee:	3c f0       	brlt	.+14     	; 0x1dfe <black_calibration+0x48>
			max_ir_black[i-2]=adc_value;
    1df0:	f9 01       	movw	r30, r18
    1df2:	ee 0f       	add	r30, r30
    1df4:	ff 1f       	adc	r31, r31
    1df6:	e3 54       	subi	r30, 0x43	; 67
    1df8:	fe 4f       	sbci	r31, 0xFE	; 254
    1dfa:	91 83       	std	Z+1, r25	; 0x01
    1dfc:	80 83       	st	Z, r24
		}
		if (min_ir_black[i-2]>=adc_value){
    1dfe:	f9 01       	movw	r30, r18
    1e00:	ee 0f       	add	r30, r30
    1e02:	ff 1f       	adc	r31, r31
    1e04:	e3 5f       	subi	r30, 0xF3	; 243
    1e06:	fe 4f       	sbci	r31, 0xFE	; 254
    1e08:	40 81       	ld	r20, Z
    1e0a:	51 81       	ldd	r21, Z+1	; 0x01
    1e0c:	48 17       	cp	r20, r24
    1e0e:	59 07       	cpc	r21, r25
    1e10:	3c f0       	brlt	.+14     	; 0x1e20 <black_calibration+0x6a>
			min_ir_black[i-2]=adc_value;
    1e12:	22 0f       	add	r18, r18
    1e14:	33 1f       	adc	r19, r19
    1e16:	f9 01       	movw	r30, r18
    1e18:	e3 5f       	subi	r30, 0xF3	; 243
    1e1a:	fe 4f       	sbci	r31, 0xFE	; 254
    1e1c:	91 83       	std	Z+1, r25	; 0x01
    1e1e:	80 83       	st	Z, r24
		i2c_lcd_write_string(temp);
	}
}
void black_calibration(){
	value_move();
	for (int i=2;i<8;i++){
    1e20:	21 96       	adiw	r28, 0x01	; 1
    1e22:	c8 30       	cpi	r28, 0x08	; 8
    1e24:	d1 05       	cpc	r29, r1
    1e26:	74 f2       	brlt	.-100    	; 0x1dc4 <black_calibration+0xe>
    1e28:	22 e0       	ldi	r18, 0x02	; 2
    1e2a:	30 e0       	ldi	r19, 0x00	; 0
    1e2c:	3b c0       	rjmp	.+118    	; 0x1ea4 <black_calibration+0xee>
		}
	}
	//led 비추기 max-min 값의 중앙값보다 크면 led 출력하기
	for (int i=2;i<8;i++){
		// 수정
		if (current_ir[0][i-2] < (max_ir_black[i-2] + min_ir_black[i-2]) / 2) {
    1e2e:	c9 01       	movw	r24, r18
    1e30:	02 97       	sbiw	r24, 0x02	; 2
    1e32:	88 0f       	add	r24, r24
    1e34:	99 1f       	adc	r25, r25
    1e36:	fc 01       	movw	r30, r24
    1e38:	e7 56       	subi	r30, 0x67	; 103
    1e3a:	fe 4f       	sbci	r31, 0xFE	; 254
    1e3c:	40 81       	ld	r20, Z
    1e3e:	51 81       	ldd	r21, Z+1	; 0x01
    1e40:	fc 01       	movw	r30, r24
    1e42:	e3 54       	subi	r30, 0x43	; 67
    1e44:	fe 4f       	sbci	r31, 0xFE	; 254
    1e46:	60 81       	ld	r22, Z
    1e48:	71 81       	ldd	r23, Z+1	; 0x01
    1e4a:	fc 01       	movw	r30, r24
    1e4c:	e3 5f       	subi	r30, 0xF3	; 243
    1e4e:	fe 4f       	sbci	r31, 0xFE	; 254
    1e50:	80 81       	ld	r24, Z
    1e52:	91 81       	ldd	r25, Z+1	; 0x01
    1e54:	86 0f       	add	r24, r22
    1e56:	97 1f       	adc	r25, r23
    1e58:	99 23       	and	r25, r25
    1e5a:	0c f4       	brge	.+2      	; 0x1e5e <black_calibration+0xa8>
    1e5c:	01 96       	adiw	r24, 0x01	; 1
    1e5e:	95 95       	asr	r25
    1e60:	87 95       	ror	r24
    1e62:	48 17       	cp	r20, r24
    1e64:	59 07       	cpc	r21, r25
    1e66:	7c f4       	brge	.+30     	; 0x1e86 <black_calibration+0xd0>
			PORTA &= ~(1 << (i-1));   // 켜기 (해당 비트만 0으로)
    1e68:	4b b3       	in	r20, 0x1b	; 27
    1e6a:	b9 01       	movw	r22, r18
    1e6c:	61 50       	subi	r22, 0x01	; 1
    1e6e:	71 09       	sbc	r23, r1
    1e70:	81 e0       	ldi	r24, 0x01	; 1
    1e72:	90 e0       	ldi	r25, 0x00	; 0
    1e74:	02 c0       	rjmp	.+4      	; 0x1e7a <black_calibration+0xc4>
    1e76:	88 0f       	add	r24, r24
    1e78:	99 1f       	adc	r25, r25
    1e7a:	6a 95       	dec	r22
    1e7c:	e2 f7       	brpl	.-8      	; 0x1e76 <black_calibration+0xc0>
    1e7e:	80 95       	com	r24
    1e80:	84 23       	and	r24, r20
    1e82:	8b bb       	out	0x1b, r24	; 27
    1e84:	0d c0       	rjmp	.+26     	; 0x1ea0 <black_calibration+0xea>
			} else {
			PORTA |= (1 << (i-1));    // 끄기 (해당 비트만 1로)
    1e86:	4b b3       	in	r20, 0x1b	; 27
    1e88:	b9 01       	movw	r22, r18
    1e8a:	61 50       	subi	r22, 0x01	; 1
    1e8c:	71 09       	sbc	r23, r1
    1e8e:	81 e0       	ldi	r24, 0x01	; 1
    1e90:	90 e0       	ldi	r25, 0x00	; 0
    1e92:	02 c0       	rjmp	.+4      	; 0x1e98 <black_calibration+0xe2>
    1e94:	88 0f       	add	r24, r24
    1e96:	99 1f       	adc	r25, r25
    1e98:	6a 95       	dec	r22
    1e9a:	e2 f7       	brpl	.-8      	; 0x1e94 <black_calibration+0xde>
    1e9c:	84 2b       	or	r24, r20
    1e9e:	8b bb       	out	0x1b, r24	; 27
		if (min_ir_black[i-2]>=adc_value){
			min_ir_black[i-2]=adc_value;
		}
	}
	//led 비추기 max-min 값의 중앙값보다 크면 led 출력하기
	for (int i=2;i<8;i++){
    1ea0:	2f 5f       	subi	r18, 0xFF	; 255
    1ea2:	3f 4f       	sbci	r19, 0xFF	; 255
    1ea4:	28 30       	cpi	r18, 0x08	; 8
    1ea6:	31 05       	cpc	r19, r1
    1ea8:	14 f2       	brlt	.-124    	; 0x1e2e <black_calibration+0x78>
			PORTA &= ~(1 << (i-1));   // 켜기 (해당 비트만 0으로)
			} else {
			PORTA |= (1 << (i-1));    // 끄기 (해당 비트만 1로)
		}
	}
}
    1eaa:	df 91       	pop	r29
    1eac:	cf 91       	pop	r28
    1eae:	08 95       	ret

00001eb0 <obstacle>:
//처음에 psd값 인식해서 300이하면 먼장애물 모드, 이상이면 가까운 모드로 결정
//가까운 모드
void obstacle(){
    1eb0:	ef 92       	push	r14
    1eb2:	ff 92       	push	r15
    1eb4:	0f 93       	push	r16
    1eb6:	1f 93       	push	r17
    1eb8:	cf 93       	push	r28
    1eba:	df 93       	push	r29
    1ebc:	cd b7       	in	r28, 0x3d	; 61
    1ebe:	de b7       	in	r29, 0x3e	; 62
    1ec0:	60 97       	sbiw	r28, 0x10	; 16
    1ec2:	0f b6       	in	r0, 0x3f	; 63
    1ec4:	f8 94       	cli
    1ec6:	de bf       	out	0x3e, r29	; 62
    1ec8:	0f be       	out	0x3f, r0	; 63
    1eca:	cd bf       	out	0x3d, r28	; 61
	int adc_value=read_adc(1);
    1ecc:	81 e0       	ldi	r24, 0x01	; 1
    1ece:	90 e0       	ldi	r25, 0x00	; 0
    1ed0:	0e 94 70 02 	call	0x4e0	; 0x4e0 <read_adc>
    1ed4:	8c 01       	movw	r16, r24
	i2c_lcd_goto_XY(0,0);
    1ed6:	60 e0       	ldi	r22, 0x00	; 0
    1ed8:	80 e0       	ldi	r24, 0x00	; 0
    1eda:	0e 94 2a 01 	call	0x254	; 0x254 <i2c_lcd_goto_XY>
	i2c_lcd_write_string("adc: ");
    1ede:	8f e5       	ldi	r24, 0x5F	; 95
    1ee0:	91 e0       	ldi	r25, 0x01	; 1
    1ee2:	0e 94 32 01 	call	0x264	; 0x264 <i2c_lcd_write_string>
	i2c_lcd_goto_XY(0,3);
    1ee6:	63 e0       	ldi	r22, 0x03	; 3
    1ee8:	80 e0       	ldi	r24, 0x00	; 0
    1eea:	0e 94 2a 01 	call	0x254	; 0x254 <i2c_lcd_goto_XY>
	char str[16];
	sprintf(str,"%5d",adc_value);
    1eee:	1f 93       	push	r17
    1ef0:	0f 93       	push	r16
    1ef2:	85 e6       	ldi	r24, 0x65	; 101
    1ef4:	91 e0       	ldi	r25, 0x01	; 1
    1ef6:	9f 93       	push	r25
    1ef8:	8f 93       	push	r24
    1efa:	ce 01       	movw	r24, r28
    1efc:	01 96       	adiw	r24, 0x01	; 1
    1efe:	7c 01       	movw	r14, r24
    1f00:	9f 93       	push	r25
    1f02:	8f 93       	push	r24
    1f04:	fe d3       	rcall	.+2044   	; 0x2702 <sprintf>
	i2c_lcd_write_string(str);
    1f06:	c7 01       	movw	r24, r14
    1f08:	0e 94 32 01 	call	0x264	; 0x264 <i2c_lcd_write_string>
	
	if (adc_value>=400){
    1f0c:	0f 90       	pop	r0
    1f0e:	0f 90       	pop	r0
    1f10:	0f 90       	pop	r0
    1f12:	0f 90       	pop	r0
    1f14:	0f 90       	pop	r0
    1f16:	0f 90       	pop	r0
    1f18:	00 39       	cpi	r16, 0x90	; 144
    1f1a:	11 40       	sbci	r17, 0x01	; 1
    1f1c:	24 f0       	brlt	.+8      	; 0x1f26 <obstacle+0x76>
		forward_ccw(100);
    1f1e:	84 e6       	ldi	r24, 0x64	; 100
    1f20:	90 e0       	ldi	r25, 0x00	; 0
    1f22:	67 d9       	rcall	.-3378   	; 0x11f2 <forward_ccw>
    1f24:	11 c0       	rjmp	.+34     	; 0x1f48 <obstacle+0x98>
	}
	else{
		rotate_ccw(600);
    1f26:	88 e5       	ldi	r24, 0x58	; 88
    1f28:	92 e0       	ldi	r25, 0x02	; 2
    1f2a:	0e 94 07 05 	call	0xa0e	; 0xa0e <rotate_ccw>
		forward_ccw(1000);
    1f2e:	88 ee       	ldi	r24, 0xE8	; 232
    1f30:	93 e0       	ldi	r25, 0x03	; 3
    1f32:	5f d9       	rcall	.-3394   	; 0x11f2 <forward_ccw>
		mode=9;
    1f34:	89 e0       	ldi	r24, 0x09	; 9
    1f36:	90 e0       	ldi	r25, 0x00	; 0
    1f38:	90 93 d8 01 	sts	0x01D8, r25	; 0x8001d8 <mode+0x1>
    1f3c:	80 93 d7 01 	sts	0x01D7, r24	; 0x8001d7 <mode>
		verticle=0;
    1f40:	10 92 96 01 	sts	0x0196, r1	; 0x800196 <verticle+0x1>
    1f44:	10 92 95 01 	sts	0x0195, r1	; 0x800195 <verticle>
	}
}
    1f48:	60 96       	adiw	r28, 0x10	; 16
    1f4a:	0f b6       	in	r0, 0x3f	; 63
    1f4c:	f8 94       	cli
    1f4e:	de bf       	out	0x3e, r29	; 62
    1f50:	0f be       	out	0x3f, r0	; 63
    1f52:	cd bf       	out	0x3d, r28	; 61
    1f54:	df 91       	pop	r29
    1f56:	cf 91       	pop	r28
    1f58:	1f 91       	pop	r17
    1f5a:	0f 91       	pop	r16
    1f5c:	ff 90       	pop	r15
    1f5e:	ef 90       	pop	r14
    1f60:	08 95       	ret

00001f62 <obstacle2>:
//mode7, 먼장애물 모드
void obstacle2(){
    1f62:	ef 92       	push	r14
    1f64:	ff 92       	push	r15
    1f66:	0f 93       	push	r16
    1f68:	1f 93       	push	r17
    1f6a:	cf 93       	push	r28
    1f6c:	df 93       	push	r29
    1f6e:	cd b7       	in	r28, 0x3d	; 61
    1f70:	de b7       	in	r29, 0x3e	; 62
    1f72:	60 97       	sbiw	r28, 0x10	; 16
    1f74:	0f b6       	in	r0, 0x3f	; 63
    1f76:	f8 94       	cli
    1f78:	de bf       	out	0x3e, r29	; 62
    1f7a:	0f be       	out	0x3f, r0	; 63
    1f7c:	cd bf       	out	0x3d, r28	; 61
	int adc_value=read_adc(1);
    1f7e:	81 e0       	ldi	r24, 0x01	; 1
    1f80:	90 e0       	ldi	r25, 0x00	; 0
    1f82:	0e 94 70 02 	call	0x4e0	; 0x4e0 <read_adc>
    1f86:	8c 01       	movw	r16, r24
	i2c_lcd_goto_XY(0,0);
    1f88:	60 e0       	ldi	r22, 0x00	; 0
    1f8a:	80 e0       	ldi	r24, 0x00	; 0
    1f8c:	0e 94 2a 01 	call	0x254	; 0x254 <i2c_lcd_goto_XY>
	i2c_lcd_write_string("adc: ");
    1f90:	8f e5       	ldi	r24, 0x5F	; 95
    1f92:	91 e0       	ldi	r25, 0x01	; 1
    1f94:	0e 94 32 01 	call	0x264	; 0x264 <i2c_lcd_write_string>
	i2c_lcd_goto_XY(0,3);
    1f98:	63 e0       	ldi	r22, 0x03	; 3
    1f9a:	80 e0       	ldi	r24, 0x00	; 0
    1f9c:	0e 94 2a 01 	call	0x254	; 0x254 <i2c_lcd_goto_XY>
	char str[16];
	sprintf(str,"%5d",adc_value);
    1fa0:	1f 93       	push	r17
    1fa2:	0f 93       	push	r16
    1fa4:	85 e6       	ldi	r24, 0x65	; 101
    1fa6:	91 e0       	ldi	r25, 0x01	; 1
    1fa8:	9f 93       	push	r25
    1faa:	8f 93       	push	r24
    1fac:	ce 01       	movw	r24, r28
    1fae:	01 96       	adiw	r24, 0x01	; 1
    1fb0:	7c 01       	movw	r14, r24
    1fb2:	9f 93       	push	r25
    1fb4:	8f 93       	push	r24
    1fb6:	a5 d3       	rcall	.+1866   	; 0x2702 <sprintf>
	i2c_lcd_write_string(str);
    1fb8:	c7 01       	movw	r24, r14
    1fba:	0e 94 32 01 	call	0x264	; 0x264 <i2c_lcd_write_string>
	if (adc_value>=500){
    1fbe:	0f 90       	pop	r0
    1fc0:	0f 90       	pop	r0
    1fc2:	0f 90       	pop	r0
    1fc4:	0f 90       	pop	r0
    1fc6:	0f 90       	pop	r0
    1fc8:	0f 90       	pop	r0
    1fca:	04 3f       	cpi	r16, 0xF4	; 244
    1fcc:	91 e0       	ldi	r25, 0x01	; 1
    1fce:	19 07       	cpc	r17, r25
    1fd0:	34 f0       	brlt	.+12     	; 0x1fde <obstacle2+0x7c>
		yes_500=1;
    1fd2:	81 e0       	ldi	r24, 0x01	; 1
    1fd4:	90 e0       	ldi	r25, 0x00	; 0
    1fd6:	90 93 8c 01 	sts	0x018C, r25	; 0x80018c <yes_500+0x1>
    1fda:	80 93 8b 01 	sts	0x018B, r24	; 0x80018b <yes_500>
	}
	if (adc_value<=400&&yes_500){
    1fde:	01 39       	cpi	r16, 0x91	; 145
    1fe0:	11 40       	sbci	r17, 0x01	; 1
    1fe2:	c4 f4       	brge	.+48     	; 0x2014 <obstacle2+0xb2>
    1fe4:	80 91 8b 01 	lds	r24, 0x018B	; 0x80018b <yes_500>
    1fe8:	90 91 8c 01 	lds	r25, 0x018C	; 0x80018c <yes_500+0x1>
    1fec:	89 2b       	or	r24, r25
    1fee:	91 f0       	breq	.+36     	; 0x2014 <obstacle2+0xb2>
		rotate_ccw(600);
    1ff0:	88 e5       	ldi	r24, 0x58	; 88
    1ff2:	92 e0       	ldi	r25, 0x02	; 2
    1ff4:	0e 94 07 05 	call	0xa0e	; 0xa0e <rotate_ccw>
		forward_ccw(1000);
    1ff8:	88 ee       	ldi	r24, 0xE8	; 232
    1ffa:	93 e0       	ldi	r25, 0x03	; 3
    1ffc:	fa d8       	rcall	.-3596   	; 0x11f2 <forward_ccw>
		mode=12;
    1ffe:	8c e0       	ldi	r24, 0x0C	; 12
    2000:	90 e0       	ldi	r25, 0x00	; 0
    2002:	90 93 d8 01 	sts	0x01D8, r25	; 0x8001d8 <mode+0x1>
    2006:	80 93 d7 01 	sts	0x01D7, r24	; 0x8001d7 <mode>
		verticle=0;
    200a:	10 92 96 01 	sts	0x0196, r1	; 0x800196 <verticle+0x1>
    200e:	10 92 95 01 	sts	0x0195, r1	; 0x800195 <verticle>
    2012:	03 c0       	rjmp	.+6      	; 0x201a <obstacle2+0xb8>
	}
	else{
		forward_ccw(100);
    2014:	84 e6       	ldi	r24, 0x64	; 100
    2016:	90 e0       	ldi	r25, 0x00	; 0
    2018:	ec d8       	rcall	.-3624   	; 0x11f2 <forward_ccw>
	}
}
    201a:	60 96       	adiw	r28, 0x10	; 16
    201c:	0f b6       	in	r0, 0x3f	; 63
    201e:	f8 94       	cli
    2020:	de bf       	out	0x3e, r29	; 62
    2022:	0f be       	out	0x3f, r0	; 63
    2024:	cd bf       	out	0x3d, r28	; 61
    2026:	df 91       	pop	r29
    2028:	cf 91       	pop	r28
    202a:	1f 91       	pop	r17
    202c:	0f 91       	pop	r16
    202e:	ff 90       	pop	r15
    2030:	ef 90       	pop	r14
    2032:	08 95       	ret

00002034 <rotate_clock>:
void rotate_clock(uint16_t duration_ms){
    2034:	ac 01       	movw	r20, r24
	// 시계방향: 왼쪽 정회전 + 오른쪽 역회전
	PORTB = (PORTB & 0xF0) | 0x06;
    2036:	88 b3       	in	r24, 0x18	; 24
    2038:	80 7f       	andi	r24, 0xF0	; 240
    203a:	86 60       	ori	r24, 0x06	; 6
    203c:	88 bb       	out	0x18, r24	; 24
	OCR1A = ICR1*30/100;   // 오른쪽
    203e:	86 b5       	in	r24, 0x26	; 38
    2040:	97 b5       	in	r25, 0x27	; 39
    2042:	ee e1       	ldi	r30, 0x1E	; 30
    2044:	e8 9f       	mul	r30, r24
    2046:	90 01       	movw	r18, r0
    2048:	e9 9f       	mul	r30, r25
    204a:	30 0d       	add	r19, r0
    204c:	11 24       	eor	r1, r1
    204e:	36 95       	lsr	r19
    2050:	27 95       	ror	r18
    2052:	36 95       	lsr	r19
    2054:	27 95       	ror	r18
    2056:	ab e7       	ldi	r26, 0x7B	; 123
    2058:	b4 e1       	ldi	r27, 0x14	; 20
    205a:	f8 d2       	rcall	.+1520   	; 0x264c <__umulhisi3>
    205c:	96 95       	lsr	r25
    205e:	87 95       	ror	r24
    2060:	9b bd       	out	0x2b, r25	; 43
    2062:	8a bd       	out	0x2a, r24	; 42
	OCR1B = ICR1*30/100;   // 왼쪽
    2064:	86 b5       	in	r24, 0x26	; 38
    2066:	97 b5       	in	r25, 0x27	; 39
    2068:	e8 9f       	mul	r30, r24
    206a:	90 01       	movw	r18, r0
    206c:	e9 9f       	mul	r30, r25
    206e:	30 0d       	add	r19, r0
    2070:	11 24       	eor	r1, r1
    2072:	36 95       	lsr	r19
    2074:	27 95       	ror	r18
    2076:	36 95       	lsr	r19
    2078:	27 95       	ror	r18
    207a:	e8 d2       	rcall	.+1488   	; 0x264c <__umulhisi3>
    207c:	96 95       	lsr	r25
    207e:	87 95       	ror	r24
    2080:	99 bd       	out	0x29, r25	; 41
    2082:	88 bd       	out	0x28, r24	; 40
	for (uint16_t t=0; t<duration_ms; t+=10){
    2084:	80 e0       	ldi	r24, 0x00	; 0
    2086:	90 e0       	ldi	r25, 0x00	; 0
    2088:	07 c0       	rjmp	.+14     	; 0x2098 <rotate_clock+0x64>
    208a:	ef e3       	ldi	r30, 0x3F	; 63
    208c:	fc e9       	ldi	r31, 0x9C	; 156
    208e:	31 97       	sbiw	r30, 0x01	; 1
    2090:	f1 f7       	brne	.-4      	; 0x208e <rotate_clock+0x5a>
    2092:	00 c0       	rjmp	.+0      	; 0x2094 <rotate_clock+0x60>
    2094:	00 00       	nop
    2096:	0a 96       	adiw	r24, 0x0a	; 10
    2098:	84 17       	cp	r24, r20
    209a:	95 07       	cpc	r25, r21
    209c:	b0 f3       	brcs	.-20     	; 0x208a <rotate_clock+0x56>
		_delay_ms(10);
	}

	OCR1A = 0;
    209e:	1b bc       	out	0x2b, r1	; 43
    20a0:	1a bc       	out	0x2a, r1	; 42
	OCR1B = 0;
    20a2:	19 bc       	out	0x29, r1	; 41
    20a4:	18 bc       	out	0x28, r1	; 40
    20a6:	08 95       	ret

000020a8 <black_line_tracing4>:
	PORTB = (PORTB & 0xF0) | dir;       // 마지막에 딱 한 번만 쓰기
	OCR1A = ocr_a;   // 오른쪽
	OCR1B = ocr_b;   // 왼쪽
	
}
void black_line_tracing4(){		//가까운 장애물 기준으로 만든 트레이싱
    20a8:	cf 92       	push	r12
    20aa:	df 92       	push	r13
    20ac:	ef 92       	push	r14
    20ae:	ff 92       	push	r15
    20b0:	0f 93       	push	r16
    20b2:	1f 93       	push	r17
    20b4:	cf 93       	push	r28
    20b6:	df 93       	push	r29
	value_move();
    20b8:	0e 94 7a 02 	call	0x4f4	; 0x4f4 <value_move>
	for (int i=2;i<8;i++){
    20bc:	02 e0       	ldi	r16, 0x02	; 2
    20be:	10 e0       	ldi	r17, 0x00	; 0
    20c0:	4e c0       	rjmp	.+156    	; 0x215e <black_line_tracing4+0xb6>
		int adc_value=read_adc(i);
    20c2:	c8 01       	movw	r24, r16
    20c4:	0e 94 70 02 	call	0x4e0	; 0x4e0 <read_adc>
		current_ir[0][i-2]=adc_value;
    20c8:	e8 01       	movw	r28, r16
    20ca:	22 97       	sbiw	r28, 0x02	; 2
    20cc:	ae 01       	movw	r20, r28
    20ce:	44 0f       	add	r20, r20
    20d0:	55 1f       	adc	r21, r21
    20d2:	fa 01       	movw	r30, r20
    20d4:	e7 56       	subi	r30, 0x67	; 103
    20d6:	fe 4f       	sbci	r31, 0xFE	; 254
    20d8:	91 83       	std	Z+1, r25	; 0x01
    20da:	80 83       	st	Z, r24
		int range=1;
		if ((max_ir_black[i-2]-min_ir_black[i-2])==0){
    20dc:	fa 01       	movw	r30, r20
    20de:	e3 54       	subi	r30, 0x43	; 67
    20e0:	fe 4f       	sbci	r31, 0xFE	; 254
    20e2:	01 90       	ld	r0, Z+
    20e4:	f0 81       	ld	r31, Z
    20e6:	e0 2d       	mov	r30, r0
    20e8:	da 01       	movw	r26, r20
    20ea:	a3 5f       	subi	r26, 0xF3	; 243
    20ec:	be 4f       	sbci	r27, 0xFE	; 254
    20ee:	ed 90       	ld	r14, X+
    20f0:	fc 90       	ld	r15, X
    20f2:	ee 15       	cp	r30, r14
    20f4:	ff 05       	cpc	r31, r15
    20f6:	19 f0       	breq	.+6      	; 0x20fe <black_line_tracing4+0x56>
			range=1;
		}
		else {
			range=(max_ir_black[i-2]-min_ir_black[i-2]);
    20f8:	ee 19       	sub	r30, r14
    20fa:	ff 09       	sbc	r31, r15
    20fc:	02 c0       	rjmp	.+4      	; 0x2102 <black_line_tracing4+0x5a>
	for (int i=2;i<8;i++){
		int adc_value=read_adc(i);
		current_ir[0][i-2]=adc_value;
		int range=1;
		if ((max_ir_black[i-2]-min_ir_black[i-2])==0){
			range=1;
    20fe:	e1 e0       	ldi	r30, 0x01	; 1
    2100:	f0 e0       	ldi	r31, 0x00	; 0
		}
		else {
			range=(max_ir_black[i-2]-min_ir_black[i-2]);
		}
		norm_ir[i-2]=100-(long)(((current_ir[0][i-2]+current_ir[1][i-2]+current_ir[2][i-2])/3)-min_ir_black[i-2])*100/range;
    2102:	de 01       	movw	r26, r28
    2104:	16 96       	adiw	r26, 0x06	; 6
    2106:	aa 0f       	add	r26, r26
    2108:	bb 1f       	adc	r27, r27
    210a:	a7 56       	subi	r26, 0x67	; 103
    210c:	be 4f       	sbci	r27, 0xFE	; 254
    210e:	2d 91       	ld	r18, X+
    2110:	3c 91       	ld	r19, X
    2112:	82 0f       	add	r24, r18
    2114:	93 1f       	adc	r25, r19
    2116:	de 01       	movw	r26, r28
    2118:	1c 96       	adiw	r26, 0x0c	; 12
    211a:	aa 0f       	add	r26, r26
    211c:	bb 1f       	adc	r27, r27
    211e:	a7 56       	subi	r26, 0x67	; 103
    2120:	be 4f       	sbci	r27, 0xFE	; 254
    2122:	2d 91       	ld	r18, X+
    2124:	3c 91       	ld	r19, X
    2126:	82 0f       	add	r24, r18
    2128:	93 1f       	adc	r25, r19
    212a:	63 e0       	ldi	r22, 0x03	; 3
    212c:	70 e0       	ldi	r23, 0x00	; 0
    212e:	56 d2       	rcall	.+1196   	; 0x25dc <__divmodhi4>
    2130:	db 01       	movw	r26, r22
    2132:	ae 19       	sub	r26, r14
    2134:	bf 09       	sbc	r27, r15
    2136:	24 e6       	ldi	r18, 0x64	; 100
    2138:	30 e0       	ldi	r19, 0x00	; 0
    213a:	97 d2       	rcall	.+1326   	; 0x266a <__usmulhisi3>
    213c:	9f 01       	movw	r18, r30
    213e:	ff 0f       	add	r31, r31
    2140:	44 0b       	sbc	r20, r20
    2142:	55 0b       	sbc	r21, r21
    2144:	5e d2       	rcall	.+1212   	; 0x2602 <__divmodsi4>
    2146:	cc 0f       	add	r28, r28
    2148:	dd 1f       	adc	r29, r29
    214a:	c7 52       	subi	r28, 0x27	; 39
    214c:	de 4f       	sbci	r29, 0xFE	; 254
    214e:	84 e6       	ldi	r24, 0x64	; 100
    2150:	90 e0       	ldi	r25, 0x00	; 0
    2152:	82 1b       	sub	r24, r18
    2154:	93 0b       	sbc	r25, r19
    2156:	99 83       	std	Y+1, r25	; 0x01
    2158:	88 83       	st	Y, r24
	OCR1B = ocr_b;   // 왼쪽
	
}
void black_line_tracing4(){		//가까운 장애물 기준으로 만든 트레이싱
	value_move();
	for (int i=2;i<8;i++){
    215a:	0f 5f       	subi	r16, 0xFF	; 255
    215c:	1f 4f       	sbci	r17, 0xFF	; 255
    215e:	08 30       	cpi	r16, 0x08	; 8
    2160:	11 05       	cpc	r17, r1
    2162:	0c f4       	brge	.+2      	; 0x2166 <black_line_tracing4+0xbe>
    2164:	ae cf       	rjmp	.-164    	; 0x20c2 <black_line_tracing4+0x1a>
    2166:	82 e0       	ldi	r24, 0x02	; 2
    2168:	90 e0       	ldi	r25, 0x00	; 0
    216a:	28 c0       	rjmp	.+80     	; 0x21bc <black_line_tracing4+0x114>
		}
		norm_ir[i-2]=100-(long)(((current_ir[0][i-2]+current_ir[1][i-2]+current_ir[2][i-2])/3)-min_ir_black[i-2])*100/range;
	}
	//led 비추기 정규화한 값이 50보다 작으면(흰선이면) 불키기
	for (int i=2;i<8;i++){
		if (norm_ir[i-2] < 50) {
    216c:	fc 01       	movw	r30, r24
    216e:	32 97       	sbiw	r30, 0x02	; 2
    2170:	ee 0f       	add	r30, r30
    2172:	ff 1f       	adc	r31, r31
    2174:	e7 52       	subi	r30, 0x27	; 39
    2176:	fe 4f       	sbci	r31, 0xFE	; 254
    2178:	20 81       	ld	r18, Z
    217a:	31 81       	ldd	r19, Z+1	; 0x01
    217c:	22 33       	cpi	r18, 0x32	; 50
    217e:	31 05       	cpc	r19, r1
    2180:	7c f4       	brge	.+30     	; 0x21a0 <black_line_tracing4+0xf8>
			PORTA &= ~(1 << (i-1));
    2182:	4b b3       	in	r20, 0x1b	; 27
    2184:	bc 01       	movw	r22, r24
    2186:	61 50       	subi	r22, 0x01	; 1
    2188:	71 09       	sbc	r23, r1
    218a:	21 e0       	ldi	r18, 0x01	; 1
    218c:	30 e0       	ldi	r19, 0x00	; 0
    218e:	02 c0       	rjmp	.+4      	; 0x2194 <black_line_tracing4+0xec>
    2190:	22 0f       	add	r18, r18
    2192:	33 1f       	adc	r19, r19
    2194:	6a 95       	dec	r22
    2196:	e2 f7       	brpl	.-8      	; 0x2190 <black_line_tracing4+0xe8>
    2198:	20 95       	com	r18
    219a:	24 23       	and	r18, r20
    219c:	2b bb       	out	0x1b, r18	; 27
    219e:	0d c0       	rjmp	.+26     	; 0x21ba <black_line_tracing4+0x112>
			} else {
			PORTA |= (1 << (i-1));
    21a0:	4b b3       	in	r20, 0x1b	; 27
    21a2:	bc 01       	movw	r22, r24
    21a4:	61 50       	subi	r22, 0x01	; 1
    21a6:	71 09       	sbc	r23, r1
    21a8:	21 e0       	ldi	r18, 0x01	; 1
    21aa:	30 e0       	ldi	r19, 0x00	; 0
    21ac:	02 c0       	rjmp	.+4      	; 0x21b2 <black_line_tracing4+0x10a>
    21ae:	22 0f       	add	r18, r18
    21b0:	33 1f       	adc	r19, r19
    21b2:	6a 95       	dec	r22
    21b4:	e2 f7       	brpl	.-8      	; 0x21ae <black_line_tracing4+0x106>
    21b6:	24 2b       	or	r18, r20
    21b8:	2b bb       	out	0x1b, r18	; 27
			range=(max_ir_black[i-2]-min_ir_black[i-2]);
		}
		norm_ir[i-2]=100-(long)(((current_ir[0][i-2]+current_ir[1][i-2]+current_ir[2][i-2])/3)-min_ir_black[i-2])*100/range;
	}
	//led 비추기 정규화한 값이 50보다 작으면(흰선이면) 불키기
	for (int i=2;i<8;i++){
    21ba:	01 96       	adiw	r24, 0x01	; 1
    21bc:	88 30       	cpi	r24, 0x08	; 8
    21be:	91 05       	cpc	r25, r1
    21c0:	ac f2       	brlt	.-86     	; 0x216c <black_line_tracing4+0xc4>
			} else {
			PORTA |= (1 << (i-1));
		}
	}
	//가중치 합구하기+led 켜진 갯수 구하기
	weight_sum=0;
    21c2:	10 92 98 01 	sts	0x0198, r1	; 0x800198 <weight_sum+0x1>
    21c6:	10 92 97 01 	sts	0x0197, r1	; 0x800197 <weight_sum>
	int on_line=0;
	for (int i=0;i<6;i++){
    21ca:	20 e0       	ldi	r18, 0x00	; 0
    21cc:	30 e0       	ldi	r19, 0x00	; 0
			PORTA |= (1 << (i-1));
		}
	}
	//가중치 합구하기+led 켜진 갯수 구하기
	weight_sum=0;
	int on_line=0;
    21ce:	c0 e0       	ldi	r28, 0x00	; 0
    21d0:	d0 e0       	ldi	r29, 0x00	; 0
	for (int i=0;i<6;i++){
    21d2:	24 c0       	rjmp	.+72     	; 0x221c <black_line_tracing4+0x174>
		weight_sum += norm_ir[i]*weight[i];
    21d4:	c9 01       	movw	r24, r18
    21d6:	88 0f       	add	r24, r24
    21d8:	99 1f       	adc	r25, r25
    21da:	fc 01       	movw	r30, r24
    21dc:	e7 52       	subi	r30, 0x27	; 39
    21de:	fe 4f       	sbci	r31, 0xFE	; 254
    21e0:	40 81       	ld	r20, Z
    21e2:	51 81       	ldd	r21, Z+1	; 0x01
    21e4:	fc 01       	movw	r30, r24
    21e6:	ef 5f       	subi	r30, 0xFF	; 255
    21e8:	fe 4f       	sbci	r31, 0xFE	; 254
    21ea:	60 81       	ld	r22, Z
    21ec:	71 81       	ldd	r23, Z+1	; 0x01
    21ee:	46 9f       	mul	r20, r22
    21f0:	c0 01       	movw	r24, r0
    21f2:	47 9f       	mul	r20, r23
    21f4:	90 0d       	add	r25, r0
    21f6:	56 9f       	mul	r21, r22
    21f8:	90 0d       	add	r25, r0
    21fa:	11 24       	eor	r1, r1
    21fc:	60 91 97 01 	lds	r22, 0x0197	; 0x800197 <weight_sum>
    2200:	70 91 98 01 	lds	r23, 0x0198	; 0x800198 <weight_sum+0x1>
    2204:	86 0f       	add	r24, r22
    2206:	97 1f       	adc	r25, r23
    2208:	90 93 98 01 	sts	0x0198, r25	; 0x800198 <weight_sum+0x1>
    220c:	80 93 97 01 	sts	0x0197, r24	; 0x800197 <weight_sum>
		if (norm_ir[i] < 50) on_line++;
    2210:	42 33       	cpi	r20, 0x32	; 50
    2212:	51 05       	cpc	r21, r1
    2214:	0c f4       	brge	.+2      	; 0x2218 <black_line_tracing4+0x170>
    2216:	21 96       	adiw	r28, 0x01	; 1
		}
	}
	//가중치 합구하기+led 켜진 갯수 구하기
	weight_sum=0;
	int on_line=0;
	for (int i=0;i<6;i++){
    2218:	2f 5f       	subi	r18, 0xFF	; 255
    221a:	3f 4f       	sbci	r19, 0xFF	; 255
    221c:	26 30       	cpi	r18, 0x06	; 6
    221e:	31 05       	cpc	r19, r1
    2220:	cc f2       	brlt	.-78     	; 0x21d4 <black_line_tracing4+0x12c>
		weight_sum += norm_ir[i]*weight[i];
		if (norm_ir[i] < 50) on_line++;
	}
	in_6verticle();
    2222:	0e 94 53 03 	call	0x6a6	; 0x6a6 <in_6verticle>
	if (verticle==1&&on_line==6){
    2226:	80 91 95 01 	lds	r24, 0x0195	; 0x800195 <verticle>
    222a:	90 91 96 01 	lds	r25, 0x0196	; 0x800196 <verticle+0x1>
    222e:	81 30       	cpi	r24, 0x01	; 1
    2230:	91 05       	cpc	r25, r1
    2232:	39 f4       	brne	.+14     	; 0x2242 <black_line_tracing4+0x19a>
    2234:	c6 30       	cpi	r28, 0x06	; 6
    2236:	d1 05       	cpc	r29, r1
		rotate_clock(300);
    2238:	21 f4       	brne	.+8      	; 0x2242 <black_line_tracing4+0x19a>
    223a:	8c e2       	ldi	r24, 0x2C	; 44
    223c:	91 e0       	ldi	r25, 0x01	; 1
    223e:	fa de       	rcall	.-524    	; 0x2034 <rotate_clock>
		return ;
    2240:	db c0       	rjmp	.+438    	; 0x23f8 <black_line_tracing4+0x350>
	}
	if (verticle==3&&on_line==6){
    2242:	03 97       	sbiw	r24, 0x03	; 3
    2244:	c9 f4       	brne	.+50     	; 0x2278 <black_line_tracing4+0x1d0>
    2246:	c6 30       	cpi	r28, 0x06	; 6
    2248:	d1 05       	cpc	r29, r1
    224a:	b1 f4       	brne	.+44     	; 0x2278 <black_line_tracing4+0x1d0>
		forward_ccw(1500);
    224c:	8c ed       	ldi	r24, 0xDC	; 220
    224e:	95 e0       	ldi	r25, 0x05	; 5
    2250:	0e 94 f9 08 	call	0x11f2	; 0x11f2 <forward_ccw>
		finished=1;
    2254:	81 e0       	ldi	r24, 0x01	; 1
    2256:	90 e0       	ldi	r25, 0x00	; 0
    2258:	90 93 d6 01 	sts	0x01D6, r25	; 0x8001d6 <finished+0x1>
    225c:	80 93 d5 01 	sts	0x01D5, r24	; 0x8001d5 <finished>
    2260:	24 e5       	ldi	r18, 0x54	; 84
    2262:	31 e8       	ldi	r19, 0x81	; 129
    2264:	82 ef       	ldi	r24, 0xF2	; 242
    2266:	97 e0       	ldi	r25, 0x07	; 7
    2268:	21 50       	subi	r18, 0x01	; 1
    226a:	30 40       	sbci	r19, 0x00	; 0
    226c:	80 40       	sbci	r24, 0x00	; 0
    226e:	90 40       	sbci	r25, 0x00	; 0
    2270:	d9 f7       	brne	.-10     	; 0x2268 <black_line_tracing4+0x1c0>
    2272:	00 c0       	rjmp	.+0      	; 0x2274 <black_line_tracing4+0x1cc>
    2274:	00 c0       	rjmp	.+0      	; 0x2276 <black_line_tracing4+0x1ce>
    2276:	00 00       	nop
	}
	
	
	//마지막 방향
	static int last_dir = 0;
	if (on_line > 0 && weight_sum != 0){
    2278:	1c 16       	cp	r1, r28
    227a:	1d 06       	cpc	r1, r29
    227c:	84 f4       	brge	.+32     	; 0x229e <black_line_tracing4+0x1f6>
    227e:	80 91 97 01 	lds	r24, 0x0197	; 0x800197 <weight_sum>
    2282:	90 91 98 01 	lds	r25, 0x0198	; 0x800198 <weight_sum+0x1>
    2286:	00 97       	sbiw	r24, 0x00	; 0
    2288:	51 f0       	breq	.+20     	; 0x229e <black_line_tracing4+0x1f6>
		last_dir = (weight_sum > 0) ? 1 : -1;
    228a:	1c f0       	brlt	.+6      	; 0x2292 <black_line_tracing4+0x1ea>
    228c:	81 e0       	ldi	r24, 0x01	; 1
    228e:	90 e0       	ldi	r25, 0x00	; 0
    2290:	02 c0       	rjmp	.+4      	; 0x2296 <black_line_tracing4+0x1ee>
    2292:	8f ef       	ldi	r24, 0xFF	; 255
    2294:	9f ef       	ldi	r25, 0xFF	; 255
    2296:	90 93 7d 01 	sts	0x017D, r25	; 0x80017d <__data_end+0x1>
    229a:	80 93 7c 01 	sts	0x017C, r24	; 0x80017c <__data_end>
	}
	//가중치를 나눌값->control로 이어짐
	int weight_cal = 800;
	long control;
	if (on_line == 0){
    229e:	cd 2b       	or	r28, r29
    22a0:	89 f5       	brne	.+98     	; 0x2304 <black_line_tracing4+0x25c>
		// 라인 완전히 놓침 → 마지막 방향으로 최대 조향
		control = (long)ICR1 * 30/100 * last_dir;
    22a2:	86 b5       	in	r24, 0x26	; 38
    22a4:	97 b5       	in	r25, 0x27	; 39
    22a6:	a0 e0       	ldi	r26, 0x00	; 0
    22a8:	b0 e0       	ldi	r27, 0x00	; 0
    22aa:	ac 01       	movw	r20, r24
    22ac:	bd 01       	movw	r22, r26
    22ae:	44 0f       	add	r20, r20
    22b0:	55 1f       	adc	r21, r21
    22b2:	66 1f       	adc	r22, r22
    22b4:	77 1f       	adc	r23, r23
    22b6:	84 0f       	add	r24, r20
    22b8:	95 1f       	adc	r25, r21
    22ba:	a6 1f       	adc	r26, r22
    22bc:	b7 1f       	adc	r27, r23
    22be:	ac 01       	movw	r20, r24
    22c0:	bd 01       	movw	r22, r26
    22c2:	44 0f       	add	r20, r20
    22c4:	55 1f       	adc	r21, r21
    22c6:	66 1f       	adc	r22, r22
    22c8:	77 1f       	adc	r23, r23
    22ca:	44 0f       	add	r20, r20
    22cc:	55 1f       	adc	r21, r21
    22ce:	66 1f       	adc	r22, r22
    22d0:	77 1f       	adc	r23, r23
    22d2:	8c 01       	movw	r16, r24
    22d4:	9d 01       	movw	r18, r26
    22d6:	04 0f       	add	r16, r20
    22d8:	15 1f       	adc	r17, r21
    22da:	26 1f       	adc	r18, r22
    22dc:	37 1f       	adc	r19, r23
    22de:	c9 01       	movw	r24, r18
    22e0:	b8 01       	movw	r22, r16
    22e2:	66 0f       	add	r22, r22
    22e4:	77 1f       	adc	r23, r23
    22e6:	88 1f       	adc	r24, r24
    22e8:	99 1f       	adc	r25, r25
    22ea:	24 e6       	ldi	r18, 0x64	; 100
    22ec:	30 e0       	ldi	r19, 0x00	; 0
    22ee:	40 e0       	ldi	r20, 0x00	; 0
    22f0:	50 e0       	ldi	r21, 0x00	; 0
    22f2:	87 d1       	rcall	.+782    	; 0x2602 <__divmodsi4>
    22f4:	a0 91 7c 01 	lds	r26, 0x017C	; 0x80017c <__data_end>
    22f8:	b0 91 7d 01 	lds	r27, 0x017D	; 0x80017d <__data_end+0x1>
    22fc:	bc d1       	rcall	.+888    	; 0x2676 <__mulshisi3>
    22fe:	6b 01       	movw	r12, r22
    2300:	7c 01       	movw	r14, r24
    2302:	35 c0       	rjmp	.+106    	; 0x236e <black_line_tracing4+0x2c6>
		} else {
		control = (long)ICR1 * 30/100 * weight_sum / weight_cal;   // P only
    2304:	86 b5       	in	r24, 0x26	; 38
    2306:	97 b5       	in	r25, 0x27	; 39
    2308:	a0 e0       	ldi	r26, 0x00	; 0
    230a:	b0 e0       	ldi	r27, 0x00	; 0
    230c:	ac 01       	movw	r20, r24
    230e:	bd 01       	movw	r22, r26
    2310:	44 0f       	add	r20, r20
    2312:	55 1f       	adc	r21, r21
    2314:	66 1f       	adc	r22, r22
    2316:	77 1f       	adc	r23, r23
    2318:	84 0f       	add	r24, r20
    231a:	95 1f       	adc	r25, r21
    231c:	a6 1f       	adc	r26, r22
    231e:	b7 1f       	adc	r27, r23
    2320:	ac 01       	movw	r20, r24
    2322:	bd 01       	movw	r22, r26
    2324:	44 0f       	add	r20, r20
    2326:	55 1f       	adc	r21, r21
    2328:	66 1f       	adc	r22, r22
    232a:	77 1f       	adc	r23, r23
    232c:	44 0f       	add	r20, r20
    232e:	55 1f       	adc	r21, r21
    2330:	66 1f       	adc	r22, r22
    2332:	77 1f       	adc	r23, r23
    2334:	8c 01       	movw	r16, r24
    2336:	9d 01       	movw	r18, r26
    2338:	04 0f       	add	r16, r20
    233a:	15 1f       	adc	r17, r21
    233c:	26 1f       	adc	r18, r22
    233e:	37 1f       	adc	r19, r23
    2340:	c9 01       	movw	r24, r18
    2342:	b8 01       	movw	r22, r16
    2344:	66 0f       	add	r22, r22
    2346:	77 1f       	adc	r23, r23
    2348:	88 1f       	adc	r24, r24
    234a:	99 1f       	adc	r25, r25
    234c:	24 e6       	ldi	r18, 0x64	; 100
    234e:	30 e0       	ldi	r19, 0x00	; 0
    2350:	40 e0       	ldi	r20, 0x00	; 0
    2352:	50 e0       	ldi	r21, 0x00	; 0
    2354:	56 d1       	rcall	.+684    	; 0x2602 <__divmodsi4>
    2356:	a0 91 97 01 	lds	r26, 0x0197	; 0x800197 <weight_sum>
    235a:	b0 91 98 01 	lds	r27, 0x0198	; 0x800198 <weight_sum+0x1>
    235e:	8b d1       	rcall	.+790    	; 0x2676 <__mulshisi3>
    2360:	20 e2       	ldi	r18, 0x20	; 32
    2362:	33 e0       	ldi	r19, 0x03	; 3
    2364:	40 e0       	ldi	r20, 0x00	; 0
    2366:	50 e0       	ldi	r21, 0x00	; 0
    2368:	4c d1       	rcall	.+664    	; 0x2602 <__divmodsi4>
    236a:	69 01       	movw	r12, r18
    236c:	7a 01       	movw	r14, r20
	}
	
	
	int min_duty = ICR1 * 20 / 100;
    236e:	86 b5       	in	r24, 0x26	; 38
    2370:	97 b5       	in	r25, 0x27	; 39
    2372:	44 e1       	ldi	r20, 0x14	; 20
    2374:	48 9f       	mul	r20, r24
    2376:	90 01       	movw	r18, r0
    2378:	49 9f       	mul	r20, r25
    237a:	30 0d       	add	r19, r0
    237c:	11 24       	eor	r1, r1
    237e:	36 95       	lsr	r19
    2380:	27 95       	ror	r18
    2382:	36 95       	lsr	r19
    2384:	27 95       	ror	r18
    2386:	ab e7       	ldi	r26, 0x7B	; 123
    2388:	b4 e1       	ldi	r27, 0x14	; 20
    238a:	60 d1       	rcall	.+704    	; 0x264c <__umulhisi3>
    238c:	bc 01       	movw	r22, r24
    238e:	76 95       	lsr	r23
    2390:	67 95       	ror	r22

	int ocr_a = base_speed + control;   // 오른쪽
    2392:	20 91 27 01 	lds	r18, 0x0127	; 0x800127 <base_speed>
    2396:	30 91 28 01 	lds	r19, 0x0128	; 0x800128 <base_speed+0x1>
    239a:	a9 01       	movw	r20, r18
    239c:	4c 0d       	add	r20, r12
    239e:	5d 1d       	adc	r21, r13
	int ocr_b = base_speed - control;   // 왼쪽
    23a0:	2c 19       	sub	r18, r12
    23a2:	3d 09       	sbc	r19, r13
	uint8_t dir = 0x00;                 // 방향 비트를 새로 조립 (덮어쓰기 X)

	// 오른쪽 (OCR1A)
	if (ocr_a < min_duty) {
    23a4:	46 17       	cp	r20, r22
    23a6:	57 07       	cpc	r21, r23
    23a8:	34 f4       	brge	.+12     	; 0x23b6 <black_line_tracing4+0x30e>
		dir  |= 0x02;                   // 오른쪽만 역방향
		ocr_a = min_duty - ocr_a;
    23aa:	fb 01       	movw	r30, r22
    23ac:	e4 1b       	sub	r30, r20
    23ae:	f5 0b       	sbc	r31, r21
    23b0:	af 01       	movw	r20, r30
	int ocr_b = base_speed - control;   // 왼쪽
	uint8_t dir = 0x00;                 // 방향 비트를 새로 조립 (덮어쓰기 X)

	// 오른쪽 (OCR1A)
	if (ocr_a < min_duty) {
		dir  |= 0x02;                   // 오른쪽만 역방향
    23b2:	92 e0       	ldi	r25, 0x02	; 2
    23b4:	01 c0       	rjmp	.+2      	; 0x23b8 <black_line_tracing4+0x310>
		ocr_a = min_duty - ocr_a;
		} else {
		dir  |= 0x01;                   // 오른쪽 정방향
    23b6:	91 e0       	ldi	r25, 0x01	; 1
	}
	if (ocr_a > ICR1) ocr_a = ICR1;     // 상한 클램프 (여기가 ICR1이어야 함)
    23b8:	e6 b5       	in	r30, 0x26	; 38
    23ba:	f7 b5       	in	r31, 0x27	; 39
    23bc:	e4 17       	cp	r30, r20
    23be:	f5 07       	cpc	r31, r21
    23c0:	10 f4       	brcc	.+4      	; 0x23c6 <black_line_tracing4+0x31e>
    23c2:	46 b5       	in	r20, 0x26	; 38
    23c4:	57 b5       	in	r21, 0x27	; 39

	// 왼쪽 (OCR1B)
	if (ocr_b < min_duty) {
    23c6:	26 17       	cp	r18, r22
    23c8:	37 07       	cpc	r19, r23
    23ca:	34 f4       	brge	.+12     	; 0x23d8 <black_line_tracing4+0x330>
		dir  |= 0x08;                   // 왼쪽만 역방향
    23cc:	98 60       	ori	r25, 0x08	; 8
		ocr_b = min_duty - ocr_b;
    23ce:	fb 01       	movw	r30, r22
    23d0:	e2 1b       	sub	r30, r18
    23d2:	f3 0b       	sbc	r31, r19
    23d4:	9f 01       	movw	r18, r30
    23d6:	01 c0       	rjmp	.+2      	; 0x23da <black_line_tracing4+0x332>
		} else {
		dir  |= 0x04;                   // 왼쪽 정방향
    23d8:	94 60       	ori	r25, 0x04	; 4
	}
	if (ocr_b > ICR1) ocr_b = ICR1;
    23da:	66 b5       	in	r22, 0x26	; 38
    23dc:	77 b5       	in	r23, 0x27	; 39
    23de:	62 17       	cp	r22, r18
    23e0:	73 07       	cpc	r23, r19
    23e2:	10 f4       	brcc	.+4      	; 0x23e8 <black_line_tracing4+0x340>
    23e4:	26 b5       	in	r18, 0x26	; 38
    23e6:	37 b5       	in	r19, 0x27	; 39

	PORTB = (PORTB & 0xF0) | dir;       // 마지막에 딱 한 번만 쓰기
    23e8:	88 b3       	in	r24, 0x18	; 24
    23ea:	80 7f       	andi	r24, 0xF0	; 240
    23ec:	89 2b       	or	r24, r25
    23ee:	88 bb       	out	0x18, r24	; 24
	OCR1A = ocr_a;   // 오른쪽
    23f0:	5b bd       	out	0x2b, r21	; 43
    23f2:	4a bd       	out	0x2a, r20	; 42
	OCR1B = ocr_b;   // 왼쪽
    23f4:	39 bd       	out	0x29, r19	; 41
    23f6:	28 bd       	out	0x28, r18	; 40
	
}
    23f8:	df 91       	pop	r29
    23fa:	cf 91       	pop	r28
    23fc:	1f 91       	pop	r17
    23fe:	0f 91       	pop	r16
    2400:	ff 90       	pop	r15
    2402:	ef 90       	pop	r14
    2404:	df 90       	pop	r13
    2406:	cf 90       	pop	r12
    2408:	08 95       	ret

0000240a <main>:
int yes_650=0;
int yes_500=0;
int RL_edge=0;
int left_edge=0;
int main(void)
{
    240a:	ef 92       	push	r14
    240c:	ff 92       	push	r15
    240e:	0f 93       	push	r16
    2410:	1f 93       	push	r17
    2412:	cf 93       	push	r28
    2414:	df 93       	push	r29
    2416:	cd b7       	in	r28, 0x3d	; 61
    2418:	de b7       	in	r29, 0x3e	; 62
    241a:	60 97       	sbiw	r28, 0x10	; 16
    241c:	0f b6       	in	r0, 0x3f	; 63
    241e:	f8 94       	cli
    2420:	de bf       	out	0x3e, r29	; 62
    2422:	0f be       	out	0x3f, r0	; 63
    2424:	cd bf       	out	0x3d, r28	; 61
	all_init();
    2426:	0e 94 69 02 	call	0x4d2	; 0x4d2 <all_init>
	sei();
    242a:	78 94       	sei
	
	//uint8_t stop_count=0;
    /* Replace with your application code */
    while (1) 
    {	
		if (finished==1){
    242c:	80 91 d5 01 	lds	r24, 0x01D5	; 0x8001d5 <finished>
    2430:	90 91 d6 01 	lds	r25, 0x01D6	; 0x8001d6 <finished+0x1>
    2434:	01 97       	sbiw	r24, 0x01	; 1
    2436:	09 f4       	brne	.+2      	; 0x243a <main+0x30>
    2438:	c2 c0       	rjmp	.+388    	; 0x25be <main+0x1b4>
			return 0;
		}
		if (!parall_entered &&verticle>=(eightescape+2)){
    243a:	80 91 8f 01 	lds	r24, 0x018F	; 0x80018f <parall_entered>
    243e:	81 11       	cpse	r24, r1
    2440:	1f c0       	rjmp	.+62     	; 0x2480 <main+0x76>
    2442:	80 91 25 01 	lds	r24, 0x0125	; 0x800125 <eightescape>
    2446:	90 91 26 01 	lds	r25, 0x0126	; 0x800126 <eightescape+0x1>
    244a:	02 96       	adiw	r24, 0x02	; 2
    244c:	20 91 95 01 	lds	r18, 0x0195	; 0x800195 <verticle>
    2450:	30 91 96 01 	lds	r19, 0x0196	; 0x800196 <verticle+0x1>
    2454:	28 17       	cp	r18, r24
    2456:	39 07       	cpc	r19, r25
    2458:	9c f0       	brlt	.+38     	; 0x2480 <main+0x76>
			parall_entered=1;
    245a:	81 e0       	ldi	r24, 0x01	; 1
    245c:	80 93 8f 01 	sts	0x018F, r24	; 0x80018f <parall_entered>
			mode=3;
    2460:	83 e0       	ldi	r24, 0x03	; 3
    2462:	90 e0       	ldi	r25, 0x00	; 0
    2464:	90 93 d8 01 	sts	0x01D8, r25	; 0x8001d8 <mode+0x1>
    2468:	80 93 d7 01 	sts	0x01D7, r24	; 0x8001d7 <mode>
			print_verticle();
    246c:	0e 94 d5 04 	call	0x9aa	; 0x9aa <print_verticle>
			i2c_lcd_goto_XY(1,8);
    2470:	68 e0       	ldi	r22, 0x08	; 8
    2472:	81 e0       	ldi	r24, 0x01	; 1
    2474:	0e 94 2a 01 	call	0x254	; 0x254 <i2c_lcd_goto_XY>
			i2c_lcd_write_string("mode3");
    2478:	89 e6       	ldi	r24, 0x69	; 105
    247a:	91 e0       	ldi	r25, 0x01	; 1
    247c:	0e 94 32 01 	call	0x264	; 0x264 <i2c_lcd_write_string>
		}
		switch (mode){
    2480:	e0 91 d7 01 	lds	r30, 0x01D7	; 0x8001d7 <mode>
    2484:	f0 91 d8 01 	lds	r31, 0x01D8	; 0x8001d8 <mode+0x1>
    2488:	31 97       	sbiw	r30, 0x01	; 1
    248a:	ec 30       	cpi	r30, 0x0C	; 12
    248c:	f1 05       	cpc	r31, r1
    248e:	70 f6       	brcc	.-100    	; 0x242c <main+0x22>
    2490:	ea 5b       	subi	r30, 0xBA	; 186
    2492:	ff 4f       	sbci	r31, 0xFF	; 255
    2494:	d2 c0       	rjmp	.+420    	; 0x263a <__tablejump2__>
			case 1:
				calibration();
    2496:	0e 94 aa 02 	call	0x554	; 0x554 <calibration>
				/*print_ir();*/
				break;
    249a:	c8 cf       	rjmp	.-112    	; 0x242c <main+0x22>
			case 2:
				line_tracing();
    249c:	0e 94 43 05 	call	0xa86	; 0xa86 <line_tracing>
				if (++lcd_count >= 50) {   // 50번에 1번만 LCD 갱신
    24a0:	80 91 88 01 	lds	r24, 0x0188	; 0x800188 <lcd_count.2212>
    24a4:	8f 5f       	subi	r24, 0xFF	; 255
    24a6:	80 93 88 01 	sts	0x0188, r24	; 0x800188 <lcd_count.2212>
    24aa:	82 33       	cpi	r24, 0x32	; 50
    24ac:	08 f4       	brcc	.+2      	; 0x24b0 <main+0xa6>
    24ae:	be cf       	rjmp	.-132    	; 0x242c <main+0x22>
					lcd_count = 0;
    24b0:	10 92 88 01 	sts	0x0188, r1	; 0x800188 <lcd_count.2212>
					print_verticle();
    24b4:	0e 94 d5 04 	call	0x9aa	; 0x9aa <print_verticle>
    24b8:	b9 cf       	rjmp	.-142    	; 0x242c <main+0x22>
				}
				break;
			case 3:
				parallelogram();
    24ba:	0e 94 97 03 	call	0x72e	; 0x72e <parallelogram>
				break;
    24be:	b6 cf       	rjmp	.-148    	; 0x242c <main+0x22>
			case 4:{
				int adc_value=read_adc(1);
    24c0:	81 e0       	ldi	r24, 0x01	; 1
    24c2:	90 e0       	ldi	r25, 0x00	; 0
    24c4:	0e 94 70 02 	call	0x4e0	; 0x4e0 <read_adc>
    24c8:	8c 01       	movw	r16, r24
				if (++lcd_count >= 50) {   // 50번에 1번만 LCD 갱신
    24ca:	80 91 88 01 	lds	r24, 0x0188	; 0x800188 <lcd_count.2212>
    24ce:	8f 5f       	subi	r24, 0xFF	; 255
    24d0:	80 93 88 01 	sts	0x0188, r24	; 0x800188 <lcd_count.2212>
    24d4:	82 33       	cpi	r24, 0x32	; 50
    24d6:	18 f1       	brcs	.+70     	; 0x251e <main+0x114>
					lcd_count = 0;
    24d8:	10 92 88 01 	sts	0x0188, r1	; 0x800188 <lcd_count.2212>
					
					i2c_lcd_goto_XY(0,0);
    24dc:	60 e0       	ldi	r22, 0x00	; 0
    24de:	80 e0       	ldi	r24, 0x00	; 0
    24e0:	0e 94 2a 01 	call	0x254	; 0x254 <i2c_lcd_goto_XY>
					i2c_lcd_write_string("adc: ");
    24e4:	8f e5       	ldi	r24, 0x5F	; 95
    24e6:	91 e0       	ldi	r25, 0x01	; 1
    24e8:	0e 94 32 01 	call	0x264	; 0x264 <i2c_lcd_write_string>
					i2c_lcd_goto_XY(0,3);
    24ec:	63 e0       	ldi	r22, 0x03	; 3
    24ee:	80 e0       	ldi	r24, 0x00	; 0
    24f0:	0e 94 2a 01 	call	0x254	; 0x254 <i2c_lcd_goto_XY>
					char str[16];
					sprintf(str,"%5d",adc_value);
    24f4:	1f 93       	push	r17
    24f6:	0f 93       	push	r16
    24f8:	85 e6       	ldi	r24, 0x65	; 101
    24fa:	91 e0       	ldi	r25, 0x01	; 1
    24fc:	9f 93       	push	r25
    24fe:	8f 93       	push	r24
    2500:	ce 01       	movw	r24, r28
    2502:	01 96       	adiw	r24, 0x01	; 1
    2504:	7c 01       	movw	r14, r24
    2506:	9f 93       	push	r25
    2508:	8f 93       	push	r24
    250a:	fb d0       	rcall	.+502    	; 0x2702 <sprintf>
					i2c_lcd_write_string(str);
    250c:	c7 01       	movw	r24, r14
    250e:	0e 94 32 01 	call	0x264	; 0x264 <i2c_lcd_write_string>
    2512:	0f 90       	pop	r0
    2514:	0f 90       	pop	r0
    2516:	0f 90       	pop	r0
    2518:	0f 90       	pop	r0
    251a:	0f 90       	pop	r0
    251c:	0f 90       	pop	r0
				i2c_lcd_write_string("verticle: ");
				i2c_lcd_goto_XY(1,9);
				char temp[3];
				sprintf(temp,"%2d",verticle);
				i2c_lcd_write_string(temp);*/
				if (adc_value>=650){
    251e:	0a 38       	cpi	r16, 0x8A	; 138
    2520:	92 e0       	ldi	r25, 0x02	; 2
    2522:	19 07       	cpc	r17, r25
    2524:	34 f0       	brlt	.+12     	; 0x2532 <main+0x128>
					yes_650=1;
    2526:	81 e0       	ldi	r24, 0x01	; 1
    2528:	90 e0       	ldi	r25, 0x00	; 0
    252a:	90 93 8e 01 	sts	0x018E, r25	; 0x80018e <yes_650+0x1>
    252e:	80 93 8d 01 	sts	0x018D, r24	; 0x80018d <yes_650>
				}
				if (adc_value<=500&&yes_650){
    2532:	05 3f       	cpi	r16, 0xF5	; 245
    2534:	81 e0       	ldi	r24, 0x01	; 1
    2536:	18 07       	cpc	r17, r24
    2538:	14 f5       	brge	.+68     	; 0x257e <main+0x174>
    253a:	80 91 8d 01 	lds	r24, 0x018D	; 0x80018d <yes_650>
    253e:	90 91 8e 01 	lds	r25, 0x018E	; 0x80018e <yes_650+0x1>
    2542:	89 2b       	or	r24, r25
    2544:	e1 f0       	breq	.+56     	; 0x257e <main+0x174>
					i2c_lcd_goto_XY(0,12);
    2546:	6c e0       	ldi	r22, 0x0C	; 12
    2548:	80 e0       	ldi	r24, 0x00	; 0
    254a:	0e 94 2a 01 	call	0x254	; 0x254 <i2c_lcd_goto_XY>
					i2c_lcd_write_string("stop");
    254e:	8f e6       	ldi	r24, 0x6F	; 111
    2550:	91 e0       	ldi	r25, 0x01	; 1
    2552:	0e 94 32 01 	call	0x264	; 0x264 <i2c_lcd_write_string>
					if (adc_value<=150){
    2556:	07 39       	cpi	r16, 0x97	; 151
    2558:	11 05       	cpc	r17, r1
    255a:	64 f4       	brge	.+24     	; 0x2574 <main+0x16a>
						i2c_lcd_goto_XY(0,12);
    255c:	6c e0       	ldi	r22, 0x0C	; 12
    255e:	80 e0       	ldi	r24, 0x00	; 0
    2560:	0e 94 2a 01 	call	0x254	; 0x254 <i2c_lcd_goto_XY>
						i2c_lcd_write_string("go!   ");
    2564:	84 e7       	ldi	r24, 0x74	; 116
    2566:	91 e0       	ldi	r25, 0x01	; 1
    2568:	0e 94 32 01 	call	0x264	; 0x264 <i2c_lcd_write_string>
						yes_650=0;
    256c:	10 92 8e 01 	sts	0x018E, r1	; 0x80018e <yes_650+0x1>
    2570:	10 92 8d 01 	sts	0x018D, r1	; 0x80018d <yes_650>
					}
					
					OCR1A=0;
    2574:	1b bc       	out	0x2b, r1	; 43
    2576:	1a bc       	out	0x2a, r1	; 42
					OCR1B=0;
    2578:	19 bc       	out	0x29, r1	; 41
    257a:	18 bc       	out	0x28, r1	; 40
    257c:	57 cf       	rjmp	.-338    	; 0x242c <main+0x22>
				}
				else{
					line_tracing2();
    257e:	0e 94 e6 06 	call	0xdcc	; 0xdcc <line_tracing2>
    2582:	54 cf       	rjmp	.-344    	; 0x242c <main+0x22>
				
				break;
				
			}
			case 5:
				if (++lcd_count>=50){
    2584:	80 91 88 01 	lds	r24, 0x0188	; 0x800188 <lcd_count.2212>
    2588:	8f 5f       	subi	r24, 0xFF	; 255
    258a:	80 93 88 01 	sts	0x0188, r24	; 0x800188 <lcd_count.2212>
    258e:	82 33       	cpi	r24, 0x32	; 50
    2590:	20 f0       	brcs	.+8      	; 0x259a <main+0x190>
					print_verticle();
    2592:	0e 94 d5 04 	call	0x9aa	; 0x9aa <print_verticle>
					lcd_count=0;
    2596:	10 92 88 01 	sts	0x0188, r1	; 0x800188 <lcd_count.2212>
				}
				
				black_line_tracing();
    259a:	0e 94 71 09 	call	0x12e2	; 0x12e2 <black_line_tracing>
				
				break;
			case 6:
				obstacle();
    259e:	46 cf       	rjmp	.-372    	; 0x242c <main+0x22>
				break;
			case 7:
				obstacle2();
    25a0:	87 dc       	rcall	.-1778   	; 0x1eb0 <obstacle>
				break;
    25a2:	44 cf       	rjmp	.-376    	; 0x242c <main+0x22>
			case 8:
				black_line_tracing2();
    25a4:	de dc       	rcall	.-1604   	; 0x1f62 <obstacle2>
				break;
    25a6:	42 cf       	rjmp	.-380    	; 0x242c <main+0x22>
			case 9:
				black_line_tracing3();
    25a8:	96 d8       	rcall	.-3796   	; 0x16d6 <black_line_tracing2>
    25aa:	40 cf       	rjmp	.-384    	; 0x242c <main+0x22>
				break;
			case 10:
				black_calibration();
    25ac:	5e da       	rcall	.-2884   	; 0x1a6a <black_line_tracing3>
    25ae:	3e cf       	rjmp	.-388    	; 0x242c <main+0x22>
				break;
    25b0:	02 dc       	rcall	.-2044   	; 0x1db6 <black_calibration>
			case 11:
				PORTA=0xFF;
    25b2:	3c cf       	rjmp	.-392    	; 0x242c <main+0x22>
    25b4:	8f ef       	ldi	r24, 0xFF	; 255
				break;
    25b6:	8b bb       	out	0x1b, r24	; 27
			case 12:
				black_line_tracing4();
    25b8:	39 cf       	rjmp	.-398    	; 0x242c <main+0x22>
    25ba:	76 dd       	rcall	.-1300   	; 0x20a8 <black_line_tracing4>
				break;
    25bc:	37 cf       	rjmp	.-402    	; 0x242c <main+0x22>
			default:
				break;
		}
				
    }
}
    25be:	80 e0       	ldi	r24, 0x00	; 0
    25c0:	90 e0       	ldi	r25, 0x00	; 0
    25c2:	60 96       	adiw	r28, 0x10	; 16
    25c4:	0f b6       	in	r0, 0x3f	; 63
    25c6:	f8 94       	cli
    25c8:	de bf       	out	0x3e, r29	; 62
    25ca:	0f be       	out	0x3f, r0	; 63
    25cc:	cd bf       	out	0x3d, r28	; 61
    25ce:	df 91       	pop	r29
    25d0:	cf 91       	pop	r28
    25d2:	1f 91       	pop	r17
    25d4:	0f 91       	pop	r16
    25d6:	ff 90       	pop	r15
    25d8:	ef 90       	pop	r14
    25da:	08 95       	ret

000025dc <__divmodhi4>:
    25dc:	97 fb       	bst	r25, 7
    25de:	07 2e       	mov	r0, r23
    25e0:	16 f4       	brtc	.+4      	; 0x25e6 <__divmodhi4+0xa>
    25e2:	00 94       	com	r0
    25e4:	06 d0       	rcall	.+12     	; 0x25f2 <__divmodhi4_neg1>
    25e6:	77 fd       	sbrc	r23, 7
    25e8:	08 d0       	rcall	.+16     	; 0x25fa <__divmodhi4_neg2>
    25ea:	4b d0       	rcall	.+150    	; 0x2682 <__udivmodhi4>
    25ec:	07 fc       	sbrc	r0, 7
    25ee:	05 d0       	rcall	.+10     	; 0x25fa <__divmodhi4_neg2>
    25f0:	3e f4       	brtc	.+14     	; 0x2600 <__divmodhi4_exit>

000025f2 <__divmodhi4_neg1>:
    25f2:	90 95       	com	r25
    25f4:	81 95       	neg	r24
    25f6:	9f 4f       	sbci	r25, 0xFF	; 255
    25f8:	08 95       	ret

000025fa <__divmodhi4_neg2>:
    25fa:	70 95       	com	r23
    25fc:	61 95       	neg	r22
    25fe:	7f 4f       	sbci	r23, 0xFF	; 255

00002600 <__divmodhi4_exit>:
    2600:	08 95       	ret

00002602 <__divmodsi4>:
    2602:	05 2e       	mov	r0, r21
    2604:	97 fb       	bst	r25, 7
    2606:	16 f4       	brtc	.+4      	; 0x260c <__divmodsi4+0xa>
    2608:	00 94       	com	r0
    260a:	0f d0       	rcall	.+30     	; 0x262a <__negsi2>
    260c:	57 fd       	sbrc	r21, 7
    260e:	05 d0       	rcall	.+10     	; 0x261a <__divmodsi4_neg2>
    2610:	4c d0       	rcall	.+152    	; 0x26aa <__udivmodsi4>
    2612:	07 fc       	sbrc	r0, 7
    2614:	02 d0       	rcall	.+4      	; 0x261a <__divmodsi4_neg2>
    2616:	46 f4       	brtc	.+16     	; 0x2628 <__divmodsi4_exit>
    2618:	08 c0       	rjmp	.+16     	; 0x262a <__negsi2>

0000261a <__divmodsi4_neg2>:
    261a:	50 95       	com	r21
    261c:	40 95       	com	r20
    261e:	30 95       	com	r19
    2620:	21 95       	neg	r18
    2622:	3f 4f       	sbci	r19, 0xFF	; 255
    2624:	4f 4f       	sbci	r20, 0xFF	; 255
    2626:	5f 4f       	sbci	r21, 0xFF	; 255

00002628 <__divmodsi4_exit>:
    2628:	08 95       	ret

0000262a <__negsi2>:
    262a:	90 95       	com	r25
    262c:	80 95       	com	r24
    262e:	70 95       	com	r23
    2630:	61 95       	neg	r22
    2632:	7f 4f       	sbci	r23, 0xFF	; 255
    2634:	8f 4f       	sbci	r24, 0xFF	; 255
    2636:	9f 4f       	sbci	r25, 0xFF	; 255
    2638:	08 95       	ret

0000263a <__tablejump2__>:
    263a:	ee 0f       	add	r30, r30
    263c:	ff 1f       	adc	r31, r31
    263e:	00 24       	eor	r0, r0
    2640:	00 1c       	adc	r0, r0
    2642:	0b be       	out	0x3b, r0	; 59
    2644:	07 90       	elpm	r0, Z+
    2646:	f6 91       	elpm	r31, Z
    2648:	e0 2d       	mov	r30, r0
    264a:	09 94       	ijmp

0000264c <__umulhisi3>:
    264c:	a2 9f       	mul	r26, r18
    264e:	b0 01       	movw	r22, r0
    2650:	b3 9f       	mul	r27, r19
    2652:	c0 01       	movw	r24, r0
    2654:	a3 9f       	mul	r26, r19
    2656:	70 0d       	add	r23, r0
    2658:	81 1d       	adc	r24, r1
    265a:	11 24       	eor	r1, r1
    265c:	91 1d       	adc	r25, r1
    265e:	b2 9f       	mul	r27, r18
    2660:	70 0d       	add	r23, r0
    2662:	81 1d       	adc	r24, r1
    2664:	11 24       	eor	r1, r1
    2666:	91 1d       	adc	r25, r1
    2668:	08 95       	ret

0000266a <__usmulhisi3>:
    266a:	f0 df       	rcall	.-32     	; 0x264c <__umulhisi3>

0000266c <__usmulhisi3_tail>:
    266c:	b7 ff       	sbrs	r27, 7
    266e:	08 95       	ret
    2670:	82 1b       	sub	r24, r18
    2672:	93 0b       	sbc	r25, r19
    2674:	08 95       	ret

00002676 <__mulshisi3>:
    2676:	b7 ff       	sbrs	r27, 7
    2678:	3a c0       	rjmp	.+116    	; 0x26ee <__muluhisi3>

0000267a <__mulohisi3>:
    267a:	39 d0       	rcall	.+114    	; 0x26ee <__muluhisi3>
    267c:	82 1b       	sub	r24, r18
    267e:	93 0b       	sbc	r25, r19
    2680:	08 95       	ret

00002682 <__udivmodhi4>:
    2682:	aa 1b       	sub	r26, r26
    2684:	bb 1b       	sub	r27, r27
    2686:	51 e1       	ldi	r21, 0x11	; 17
    2688:	07 c0       	rjmp	.+14     	; 0x2698 <__udivmodhi4_ep>

0000268a <__udivmodhi4_loop>:
    268a:	aa 1f       	adc	r26, r26
    268c:	bb 1f       	adc	r27, r27
    268e:	a6 17       	cp	r26, r22
    2690:	b7 07       	cpc	r27, r23
    2692:	10 f0       	brcs	.+4      	; 0x2698 <__udivmodhi4_ep>
    2694:	a6 1b       	sub	r26, r22
    2696:	b7 0b       	sbc	r27, r23

00002698 <__udivmodhi4_ep>:
    2698:	88 1f       	adc	r24, r24
    269a:	99 1f       	adc	r25, r25
    269c:	5a 95       	dec	r21
    269e:	a9 f7       	brne	.-22     	; 0x268a <__udivmodhi4_loop>
    26a0:	80 95       	com	r24
    26a2:	90 95       	com	r25
    26a4:	bc 01       	movw	r22, r24
    26a6:	cd 01       	movw	r24, r26
    26a8:	08 95       	ret

000026aa <__udivmodsi4>:
    26aa:	a1 e2       	ldi	r26, 0x21	; 33
    26ac:	1a 2e       	mov	r1, r26
    26ae:	aa 1b       	sub	r26, r26
    26b0:	bb 1b       	sub	r27, r27
    26b2:	fd 01       	movw	r30, r26
    26b4:	0d c0       	rjmp	.+26     	; 0x26d0 <__udivmodsi4_ep>

000026b6 <__udivmodsi4_loop>:
    26b6:	aa 1f       	adc	r26, r26
    26b8:	bb 1f       	adc	r27, r27
    26ba:	ee 1f       	adc	r30, r30
    26bc:	ff 1f       	adc	r31, r31
    26be:	a2 17       	cp	r26, r18
    26c0:	b3 07       	cpc	r27, r19
    26c2:	e4 07       	cpc	r30, r20
    26c4:	f5 07       	cpc	r31, r21
    26c6:	20 f0       	brcs	.+8      	; 0x26d0 <__udivmodsi4_ep>
    26c8:	a2 1b       	sub	r26, r18
    26ca:	b3 0b       	sbc	r27, r19
    26cc:	e4 0b       	sbc	r30, r20
    26ce:	f5 0b       	sbc	r31, r21

000026d0 <__udivmodsi4_ep>:
    26d0:	66 1f       	adc	r22, r22
    26d2:	77 1f       	adc	r23, r23
    26d4:	88 1f       	adc	r24, r24
    26d6:	99 1f       	adc	r25, r25
    26d8:	1a 94       	dec	r1
    26da:	69 f7       	brne	.-38     	; 0x26b6 <__udivmodsi4_loop>
    26dc:	60 95       	com	r22
    26de:	70 95       	com	r23
    26e0:	80 95       	com	r24
    26e2:	90 95       	com	r25
    26e4:	9b 01       	movw	r18, r22
    26e6:	ac 01       	movw	r20, r24
    26e8:	bd 01       	movw	r22, r26
    26ea:	cf 01       	movw	r24, r30
    26ec:	08 95       	ret

000026ee <__muluhisi3>:
    26ee:	ae df       	rcall	.-164    	; 0x264c <__umulhisi3>
    26f0:	a5 9f       	mul	r26, r21
    26f2:	90 0d       	add	r25, r0
    26f4:	b4 9f       	mul	r27, r20
    26f6:	90 0d       	add	r25, r0
    26f8:	a4 9f       	mul	r26, r20
    26fa:	80 0d       	add	r24, r0
    26fc:	91 1d       	adc	r25, r1
    26fe:	11 24       	eor	r1, r1
    2700:	08 95       	ret

00002702 <sprintf>:
    2702:	0f 93       	push	r16
    2704:	1f 93       	push	r17
    2706:	cf 93       	push	r28
    2708:	df 93       	push	r29
    270a:	cd b7       	in	r28, 0x3d	; 61
    270c:	de b7       	in	r29, 0x3e	; 62
    270e:	2e 97       	sbiw	r28, 0x0e	; 14
    2710:	0f b6       	in	r0, 0x3f	; 63
    2712:	f8 94       	cli
    2714:	de bf       	out	0x3e, r29	; 62
    2716:	0f be       	out	0x3f, r0	; 63
    2718:	cd bf       	out	0x3d, r28	; 61
    271a:	0d 89       	ldd	r16, Y+21	; 0x15
    271c:	1e 89       	ldd	r17, Y+22	; 0x16
    271e:	86 e0       	ldi	r24, 0x06	; 6
    2720:	8c 83       	std	Y+4, r24	; 0x04
    2722:	1a 83       	std	Y+2, r17	; 0x02
    2724:	09 83       	std	Y+1, r16	; 0x01
    2726:	8f ef       	ldi	r24, 0xFF	; 255
    2728:	9f e7       	ldi	r25, 0x7F	; 127
    272a:	9e 83       	std	Y+6, r25	; 0x06
    272c:	8d 83       	std	Y+5, r24	; 0x05
    272e:	ae 01       	movw	r20, r28
    2730:	47 5e       	subi	r20, 0xE7	; 231
    2732:	5f 4f       	sbci	r21, 0xFF	; 255
    2734:	6f 89       	ldd	r22, Y+23	; 0x17
    2736:	78 8d       	ldd	r23, Y+24	; 0x18
    2738:	ce 01       	movw	r24, r28
    273a:	01 96       	adiw	r24, 0x01	; 1
    273c:	10 d0       	rcall	.+32     	; 0x275e <vfprintf>
    273e:	ef 81       	ldd	r30, Y+7	; 0x07
    2740:	f8 85       	ldd	r31, Y+8	; 0x08
    2742:	e0 0f       	add	r30, r16
    2744:	f1 1f       	adc	r31, r17
    2746:	10 82       	st	Z, r1
    2748:	2e 96       	adiw	r28, 0x0e	; 14
    274a:	0f b6       	in	r0, 0x3f	; 63
    274c:	f8 94       	cli
    274e:	de bf       	out	0x3e, r29	; 62
    2750:	0f be       	out	0x3f, r0	; 63
    2752:	cd bf       	out	0x3d, r28	; 61
    2754:	df 91       	pop	r29
    2756:	cf 91       	pop	r28
    2758:	1f 91       	pop	r17
    275a:	0f 91       	pop	r16
    275c:	08 95       	ret

0000275e <vfprintf>:
    275e:	2f 92       	push	r2
    2760:	3f 92       	push	r3
    2762:	4f 92       	push	r4
    2764:	5f 92       	push	r5
    2766:	6f 92       	push	r6
    2768:	7f 92       	push	r7
    276a:	8f 92       	push	r8
    276c:	9f 92       	push	r9
    276e:	af 92       	push	r10
    2770:	bf 92       	push	r11
    2772:	cf 92       	push	r12
    2774:	df 92       	push	r13
    2776:	ef 92       	push	r14
    2778:	ff 92       	push	r15
    277a:	0f 93       	push	r16
    277c:	1f 93       	push	r17
    277e:	cf 93       	push	r28
    2780:	df 93       	push	r29
    2782:	cd b7       	in	r28, 0x3d	; 61
    2784:	de b7       	in	r29, 0x3e	; 62
    2786:	2b 97       	sbiw	r28, 0x0b	; 11
    2788:	0f b6       	in	r0, 0x3f	; 63
    278a:	f8 94       	cli
    278c:	de bf       	out	0x3e, r29	; 62
    278e:	0f be       	out	0x3f, r0	; 63
    2790:	cd bf       	out	0x3d, r28	; 61
    2792:	6c 01       	movw	r12, r24
    2794:	7b 01       	movw	r14, r22
    2796:	8a 01       	movw	r16, r20
    2798:	fc 01       	movw	r30, r24
    279a:	17 82       	std	Z+7, r1	; 0x07
    279c:	16 82       	std	Z+6, r1	; 0x06
    279e:	83 81       	ldd	r24, Z+3	; 0x03
    27a0:	81 ff       	sbrs	r24, 1
    27a2:	bf c1       	rjmp	.+894    	; 0x2b22 <vfprintf+0x3c4>
    27a4:	ce 01       	movw	r24, r28
    27a6:	01 96       	adiw	r24, 0x01	; 1
    27a8:	3c 01       	movw	r6, r24
    27aa:	f6 01       	movw	r30, r12
    27ac:	93 81       	ldd	r25, Z+3	; 0x03
    27ae:	f7 01       	movw	r30, r14
    27b0:	93 fd       	sbrc	r25, 3
    27b2:	85 91       	lpm	r24, Z+
    27b4:	93 ff       	sbrs	r25, 3
    27b6:	81 91       	ld	r24, Z+
    27b8:	7f 01       	movw	r14, r30
    27ba:	88 23       	and	r24, r24
    27bc:	09 f4       	brne	.+2      	; 0x27c0 <vfprintf+0x62>
    27be:	ad c1       	rjmp	.+858    	; 0x2b1a <vfprintf+0x3bc>
    27c0:	85 32       	cpi	r24, 0x25	; 37
    27c2:	39 f4       	brne	.+14     	; 0x27d2 <vfprintf+0x74>
    27c4:	93 fd       	sbrc	r25, 3
    27c6:	85 91       	lpm	r24, Z+
    27c8:	93 ff       	sbrs	r25, 3
    27ca:	81 91       	ld	r24, Z+
    27cc:	7f 01       	movw	r14, r30
    27ce:	85 32       	cpi	r24, 0x25	; 37
    27d0:	21 f4       	brne	.+8      	; 0x27da <vfprintf+0x7c>
    27d2:	b6 01       	movw	r22, r12
    27d4:	90 e0       	ldi	r25, 0x00	; 0
    27d6:	d6 d1       	rcall	.+940    	; 0x2b84 <fputc>
    27d8:	e8 cf       	rjmp	.-48     	; 0x27aa <vfprintf+0x4c>
    27da:	91 2c       	mov	r9, r1
    27dc:	21 2c       	mov	r2, r1
    27de:	31 2c       	mov	r3, r1
    27e0:	ff e1       	ldi	r31, 0x1F	; 31
    27e2:	f3 15       	cp	r31, r3
    27e4:	d8 f0       	brcs	.+54     	; 0x281c <vfprintf+0xbe>
    27e6:	8b 32       	cpi	r24, 0x2B	; 43
    27e8:	79 f0       	breq	.+30     	; 0x2808 <vfprintf+0xaa>
    27ea:	38 f4       	brcc	.+14     	; 0x27fa <vfprintf+0x9c>
    27ec:	80 32       	cpi	r24, 0x20	; 32
    27ee:	79 f0       	breq	.+30     	; 0x280e <vfprintf+0xb0>
    27f0:	83 32       	cpi	r24, 0x23	; 35
    27f2:	a1 f4       	brne	.+40     	; 0x281c <vfprintf+0xbe>
    27f4:	23 2d       	mov	r18, r3
    27f6:	20 61       	ori	r18, 0x10	; 16
    27f8:	1d c0       	rjmp	.+58     	; 0x2834 <vfprintf+0xd6>
    27fa:	8d 32       	cpi	r24, 0x2D	; 45
    27fc:	61 f0       	breq	.+24     	; 0x2816 <vfprintf+0xb8>
    27fe:	80 33       	cpi	r24, 0x30	; 48
    2800:	69 f4       	brne	.+26     	; 0x281c <vfprintf+0xbe>
    2802:	23 2d       	mov	r18, r3
    2804:	21 60       	ori	r18, 0x01	; 1
    2806:	16 c0       	rjmp	.+44     	; 0x2834 <vfprintf+0xd6>
    2808:	83 2d       	mov	r24, r3
    280a:	82 60       	ori	r24, 0x02	; 2
    280c:	38 2e       	mov	r3, r24
    280e:	e3 2d       	mov	r30, r3
    2810:	e4 60       	ori	r30, 0x04	; 4
    2812:	3e 2e       	mov	r3, r30
    2814:	2a c0       	rjmp	.+84     	; 0x286a <vfprintf+0x10c>
    2816:	f3 2d       	mov	r31, r3
    2818:	f8 60       	ori	r31, 0x08	; 8
    281a:	1d c0       	rjmp	.+58     	; 0x2856 <vfprintf+0xf8>
    281c:	37 fc       	sbrc	r3, 7
    281e:	2d c0       	rjmp	.+90     	; 0x287a <vfprintf+0x11c>
    2820:	20 ed       	ldi	r18, 0xD0	; 208
    2822:	28 0f       	add	r18, r24
    2824:	2a 30       	cpi	r18, 0x0A	; 10
    2826:	40 f0       	brcs	.+16     	; 0x2838 <vfprintf+0xda>
    2828:	8e 32       	cpi	r24, 0x2E	; 46
    282a:	b9 f4       	brne	.+46     	; 0x285a <vfprintf+0xfc>
    282c:	36 fc       	sbrc	r3, 6
    282e:	75 c1       	rjmp	.+746    	; 0x2b1a <vfprintf+0x3bc>
    2830:	23 2d       	mov	r18, r3
    2832:	20 64       	ori	r18, 0x40	; 64
    2834:	32 2e       	mov	r3, r18
    2836:	19 c0       	rjmp	.+50     	; 0x286a <vfprintf+0x10c>
    2838:	36 fe       	sbrs	r3, 6
    283a:	06 c0       	rjmp	.+12     	; 0x2848 <vfprintf+0xea>
    283c:	8a e0       	ldi	r24, 0x0A	; 10
    283e:	98 9e       	mul	r9, r24
    2840:	20 0d       	add	r18, r0
    2842:	11 24       	eor	r1, r1
    2844:	92 2e       	mov	r9, r18
    2846:	11 c0       	rjmp	.+34     	; 0x286a <vfprintf+0x10c>
    2848:	ea e0       	ldi	r30, 0x0A	; 10
    284a:	2e 9e       	mul	r2, r30
    284c:	20 0d       	add	r18, r0
    284e:	11 24       	eor	r1, r1
    2850:	22 2e       	mov	r2, r18
    2852:	f3 2d       	mov	r31, r3
    2854:	f0 62       	ori	r31, 0x20	; 32
    2856:	3f 2e       	mov	r3, r31
    2858:	08 c0       	rjmp	.+16     	; 0x286a <vfprintf+0x10c>
    285a:	8c 36       	cpi	r24, 0x6C	; 108
    285c:	21 f4       	brne	.+8      	; 0x2866 <vfprintf+0x108>
    285e:	83 2d       	mov	r24, r3
    2860:	80 68       	ori	r24, 0x80	; 128
    2862:	38 2e       	mov	r3, r24
    2864:	02 c0       	rjmp	.+4      	; 0x286a <vfprintf+0x10c>
    2866:	88 36       	cpi	r24, 0x68	; 104
    2868:	41 f4       	brne	.+16     	; 0x287a <vfprintf+0x11c>
    286a:	f7 01       	movw	r30, r14
    286c:	93 fd       	sbrc	r25, 3
    286e:	85 91       	lpm	r24, Z+
    2870:	93 ff       	sbrs	r25, 3
    2872:	81 91       	ld	r24, Z+
    2874:	7f 01       	movw	r14, r30
    2876:	81 11       	cpse	r24, r1
    2878:	b3 cf       	rjmp	.-154    	; 0x27e0 <vfprintf+0x82>
    287a:	98 2f       	mov	r25, r24
    287c:	9f 7d       	andi	r25, 0xDF	; 223
    287e:	95 54       	subi	r25, 0x45	; 69
    2880:	93 30       	cpi	r25, 0x03	; 3
    2882:	28 f4       	brcc	.+10     	; 0x288e <vfprintf+0x130>
    2884:	0c 5f       	subi	r16, 0xFC	; 252
    2886:	1f 4f       	sbci	r17, 0xFF	; 255
    2888:	9f e3       	ldi	r25, 0x3F	; 63
    288a:	99 83       	std	Y+1, r25	; 0x01
    288c:	0d c0       	rjmp	.+26     	; 0x28a8 <vfprintf+0x14a>
    288e:	83 36       	cpi	r24, 0x63	; 99
    2890:	31 f0       	breq	.+12     	; 0x289e <vfprintf+0x140>
    2892:	83 37       	cpi	r24, 0x73	; 115
    2894:	71 f0       	breq	.+28     	; 0x28b2 <vfprintf+0x154>
    2896:	83 35       	cpi	r24, 0x53	; 83
    2898:	09 f0       	breq	.+2      	; 0x289c <vfprintf+0x13e>
    289a:	55 c0       	rjmp	.+170    	; 0x2946 <vfprintf+0x1e8>
    289c:	20 c0       	rjmp	.+64     	; 0x28de <vfprintf+0x180>
    289e:	f8 01       	movw	r30, r16
    28a0:	80 81       	ld	r24, Z
    28a2:	89 83       	std	Y+1, r24	; 0x01
    28a4:	0e 5f       	subi	r16, 0xFE	; 254
    28a6:	1f 4f       	sbci	r17, 0xFF	; 255
    28a8:	88 24       	eor	r8, r8
    28aa:	83 94       	inc	r8
    28ac:	91 2c       	mov	r9, r1
    28ae:	53 01       	movw	r10, r6
    28b0:	12 c0       	rjmp	.+36     	; 0x28d6 <vfprintf+0x178>
    28b2:	28 01       	movw	r4, r16
    28b4:	f2 e0       	ldi	r31, 0x02	; 2
    28b6:	4f 0e       	add	r4, r31
    28b8:	51 1c       	adc	r5, r1
    28ba:	f8 01       	movw	r30, r16
    28bc:	a0 80       	ld	r10, Z
    28be:	b1 80       	ldd	r11, Z+1	; 0x01
    28c0:	36 fe       	sbrs	r3, 6
    28c2:	03 c0       	rjmp	.+6      	; 0x28ca <vfprintf+0x16c>
    28c4:	69 2d       	mov	r22, r9
    28c6:	70 e0       	ldi	r23, 0x00	; 0
    28c8:	02 c0       	rjmp	.+4      	; 0x28ce <vfprintf+0x170>
    28ca:	6f ef       	ldi	r22, 0xFF	; 255
    28cc:	7f ef       	ldi	r23, 0xFF	; 255
    28ce:	c5 01       	movw	r24, r10
    28d0:	4e d1       	rcall	.+668    	; 0x2b6e <strnlen>
    28d2:	4c 01       	movw	r8, r24
    28d4:	82 01       	movw	r16, r4
    28d6:	f3 2d       	mov	r31, r3
    28d8:	ff 77       	andi	r31, 0x7F	; 127
    28da:	3f 2e       	mov	r3, r31
    28dc:	15 c0       	rjmp	.+42     	; 0x2908 <vfprintf+0x1aa>
    28de:	28 01       	movw	r4, r16
    28e0:	22 e0       	ldi	r18, 0x02	; 2
    28e2:	42 0e       	add	r4, r18
    28e4:	51 1c       	adc	r5, r1
    28e6:	f8 01       	movw	r30, r16
    28e8:	a0 80       	ld	r10, Z
    28ea:	b1 80       	ldd	r11, Z+1	; 0x01
    28ec:	36 fe       	sbrs	r3, 6
    28ee:	03 c0       	rjmp	.+6      	; 0x28f6 <vfprintf+0x198>
    28f0:	69 2d       	mov	r22, r9
    28f2:	70 e0       	ldi	r23, 0x00	; 0
    28f4:	02 c0       	rjmp	.+4      	; 0x28fa <vfprintf+0x19c>
    28f6:	6f ef       	ldi	r22, 0xFF	; 255
    28f8:	7f ef       	ldi	r23, 0xFF	; 255
    28fa:	c5 01       	movw	r24, r10
    28fc:	2d d1       	rcall	.+602    	; 0x2b58 <strnlen_P>
    28fe:	4c 01       	movw	r8, r24
    2900:	f3 2d       	mov	r31, r3
    2902:	f0 68       	ori	r31, 0x80	; 128
    2904:	3f 2e       	mov	r3, r31
    2906:	82 01       	movw	r16, r4
    2908:	33 fc       	sbrc	r3, 3
    290a:	19 c0       	rjmp	.+50     	; 0x293e <vfprintf+0x1e0>
    290c:	82 2d       	mov	r24, r2
    290e:	90 e0       	ldi	r25, 0x00	; 0
    2910:	88 16       	cp	r8, r24
    2912:	99 06       	cpc	r9, r25
    2914:	a0 f4       	brcc	.+40     	; 0x293e <vfprintf+0x1e0>
    2916:	b6 01       	movw	r22, r12
    2918:	80 e2       	ldi	r24, 0x20	; 32
    291a:	90 e0       	ldi	r25, 0x00	; 0
    291c:	33 d1       	rcall	.+614    	; 0x2b84 <fputc>
    291e:	2a 94       	dec	r2
    2920:	f5 cf       	rjmp	.-22     	; 0x290c <vfprintf+0x1ae>
    2922:	f5 01       	movw	r30, r10
    2924:	37 fc       	sbrc	r3, 7
    2926:	85 91       	lpm	r24, Z+
    2928:	37 fe       	sbrs	r3, 7
    292a:	81 91       	ld	r24, Z+
    292c:	5f 01       	movw	r10, r30
    292e:	b6 01       	movw	r22, r12
    2930:	90 e0       	ldi	r25, 0x00	; 0
    2932:	28 d1       	rcall	.+592    	; 0x2b84 <fputc>
    2934:	21 10       	cpse	r2, r1
    2936:	2a 94       	dec	r2
    2938:	21 e0       	ldi	r18, 0x01	; 1
    293a:	82 1a       	sub	r8, r18
    293c:	91 08       	sbc	r9, r1
    293e:	81 14       	cp	r8, r1
    2940:	91 04       	cpc	r9, r1
    2942:	79 f7       	brne	.-34     	; 0x2922 <vfprintf+0x1c4>
    2944:	e1 c0       	rjmp	.+450    	; 0x2b08 <vfprintf+0x3aa>
    2946:	84 36       	cpi	r24, 0x64	; 100
    2948:	11 f0       	breq	.+4      	; 0x294e <vfprintf+0x1f0>
    294a:	89 36       	cpi	r24, 0x69	; 105
    294c:	39 f5       	brne	.+78     	; 0x299c <vfprintf+0x23e>
    294e:	f8 01       	movw	r30, r16
    2950:	37 fe       	sbrs	r3, 7
    2952:	07 c0       	rjmp	.+14     	; 0x2962 <vfprintf+0x204>
    2954:	60 81       	ld	r22, Z
    2956:	71 81       	ldd	r23, Z+1	; 0x01
    2958:	82 81       	ldd	r24, Z+2	; 0x02
    295a:	93 81       	ldd	r25, Z+3	; 0x03
    295c:	0c 5f       	subi	r16, 0xFC	; 252
    295e:	1f 4f       	sbci	r17, 0xFF	; 255
    2960:	08 c0       	rjmp	.+16     	; 0x2972 <vfprintf+0x214>
    2962:	60 81       	ld	r22, Z
    2964:	71 81       	ldd	r23, Z+1	; 0x01
    2966:	07 2e       	mov	r0, r23
    2968:	00 0c       	add	r0, r0
    296a:	88 0b       	sbc	r24, r24
    296c:	99 0b       	sbc	r25, r25
    296e:	0e 5f       	subi	r16, 0xFE	; 254
    2970:	1f 4f       	sbci	r17, 0xFF	; 255
    2972:	f3 2d       	mov	r31, r3
    2974:	ff 76       	andi	r31, 0x6F	; 111
    2976:	3f 2e       	mov	r3, r31
    2978:	97 ff       	sbrs	r25, 7
    297a:	09 c0       	rjmp	.+18     	; 0x298e <vfprintf+0x230>
    297c:	90 95       	com	r25
    297e:	80 95       	com	r24
    2980:	70 95       	com	r23
    2982:	61 95       	neg	r22
    2984:	7f 4f       	sbci	r23, 0xFF	; 255
    2986:	8f 4f       	sbci	r24, 0xFF	; 255
    2988:	9f 4f       	sbci	r25, 0xFF	; 255
    298a:	f0 68       	ori	r31, 0x80	; 128
    298c:	3f 2e       	mov	r3, r31
    298e:	2a e0       	ldi	r18, 0x0A	; 10
    2990:	30 e0       	ldi	r19, 0x00	; 0
    2992:	a3 01       	movw	r20, r6
    2994:	33 d1       	rcall	.+614    	; 0x2bfc <__ultoa_invert>
    2996:	88 2e       	mov	r8, r24
    2998:	86 18       	sub	r8, r6
    299a:	44 c0       	rjmp	.+136    	; 0x2a24 <vfprintf+0x2c6>
    299c:	85 37       	cpi	r24, 0x75	; 117
    299e:	31 f4       	brne	.+12     	; 0x29ac <vfprintf+0x24e>
    29a0:	23 2d       	mov	r18, r3
    29a2:	2f 7e       	andi	r18, 0xEF	; 239
    29a4:	b2 2e       	mov	r11, r18
    29a6:	2a e0       	ldi	r18, 0x0A	; 10
    29a8:	30 e0       	ldi	r19, 0x00	; 0
    29aa:	25 c0       	rjmp	.+74     	; 0x29f6 <vfprintf+0x298>
    29ac:	93 2d       	mov	r25, r3
    29ae:	99 7f       	andi	r25, 0xF9	; 249
    29b0:	b9 2e       	mov	r11, r25
    29b2:	8f 36       	cpi	r24, 0x6F	; 111
    29b4:	c1 f0       	breq	.+48     	; 0x29e6 <vfprintf+0x288>
    29b6:	18 f4       	brcc	.+6      	; 0x29be <vfprintf+0x260>
    29b8:	88 35       	cpi	r24, 0x58	; 88
    29ba:	79 f0       	breq	.+30     	; 0x29da <vfprintf+0x27c>
    29bc:	ae c0       	rjmp	.+348    	; 0x2b1a <vfprintf+0x3bc>
    29be:	80 37       	cpi	r24, 0x70	; 112
    29c0:	19 f0       	breq	.+6      	; 0x29c8 <vfprintf+0x26a>
    29c2:	88 37       	cpi	r24, 0x78	; 120
    29c4:	21 f0       	breq	.+8      	; 0x29ce <vfprintf+0x270>
    29c6:	a9 c0       	rjmp	.+338    	; 0x2b1a <vfprintf+0x3bc>
    29c8:	e9 2f       	mov	r30, r25
    29ca:	e0 61       	ori	r30, 0x10	; 16
    29cc:	be 2e       	mov	r11, r30
    29ce:	b4 fe       	sbrs	r11, 4
    29d0:	0d c0       	rjmp	.+26     	; 0x29ec <vfprintf+0x28e>
    29d2:	fb 2d       	mov	r31, r11
    29d4:	f4 60       	ori	r31, 0x04	; 4
    29d6:	bf 2e       	mov	r11, r31
    29d8:	09 c0       	rjmp	.+18     	; 0x29ec <vfprintf+0x28e>
    29da:	34 fe       	sbrs	r3, 4
    29dc:	0a c0       	rjmp	.+20     	; 0x29f2 <vfprintf+0x294>
    29de:	29 2f       	mov	r18, r25
    29e0:	26 60       	ori	r18, 0x06	; 6
    29e2:	b2 2e       	mov	r11, r18
    29e4:	06 c0       	rjmp	.+12     	; 0x29f2 <vfprintf+0x294>
    29e6:	28 e0       	ldi	r18, 0x08	; 8
    29e8:	30 e0       	ldi	r19, 0x00	; 0
    29ea:	05 c0       	rjmp	.+10     	; 0x29f6 <vfprintf+0x298>
    29ec:	20 e1       	ldi	r18, 0x10	; 16
    29ee:	30 e0       	ldi	r19, 0x00	; 0
    29f0:	02 c0       	rjmp	.+4      	; 0x29f6 <vfprintf+0x298>
    29f2:	20 e1       	ldi	r18, 0x10	; 16
    29f4:	32 e0       	ldi	r19, 0x02	; 2
    29f6:	f8 01       	movw	r30, r16
    29f8:	b7 fe       	sbrs	r11, 7
    29fa:	07 c0       	rjmp	.+14     	; 0x2a0a <vfprintf+0x2ac>
    29fc:	60 81       	ld	r22, Z
    29fe:	71 81       	ldd	r23, Z+1	; 0x01
    2a00:	82 81       	ldd	r24, Z+2	; 0x02
    2a02:	93 81       	ldd	r25, Z+3	; 0x03
    2a04:	0c 5f       	subi	r16, 0xFC	; 252
    2a06:	1f 4f       	sbci	r17, 0xFF	; 255
    2a08:	06 c0       	rjmp	.+12     	; 0x2a16 <vfprintf+0x2b8>
    2a0a:	60 81       	ld	r22, Z
    2a0c:	71 81       	ldd	r23, Z+1	; 0x01
    2a0e:	80 e0       	ldi	r24, 0x00	; 0
    2a10:	90 e0       	ldi	r25, 0x00	; 0
    2a12:	0e 5f       	subi	r16, 0xFE	; 254
    2a14:	1f 4f       	sbci	r17, 0xFF	; 255
    2a16:	a3 01       	movw	r20, r6
    2a18:	f1 d0       	rcall	.+482    	; 0x2bfc <__ultoa_invert>
    2a1a:	88 2e       	mov	r8, r24
    2a1c:	86 18       	sub	r8, r6
    2a1e:	fb 2d       	mov	r31, r11
    2a20:	ff 77       	andi	r31, 0x7F	; 127
    2a22:	3f 2e       	mov	r3, r31
    2a24:	36 fe       	sbrs	r3, 6
    2a26:	0d c0       	rjmp	.+26     	; 0x2a42 <vfprintf+0x2e4>
    2a28:	23 2d       	mov	r18, r3
    2a2a:	2e 7f       	andi	r18, 0xFE	; 254
    2a2c:	a2 2e       	mov	r10, r18
    2a2e:	89 14       	cp	r8, r9
    2a30:	58 f4       	brcc	.+22     	; 0x2a48 <vfprintf+0x2ea>
    2a32:	34 fe       	sbrs	r3, 4
    2a34:	0b c0       	rjmp	.+22     	; 0x2a4c <vfprintf+0x2ee>
    2a36:	32 fc       	sbrc	r3, 2
    2a38:	09 c0       	rjmp	.+18     	; 0x2a4c <vfprintf+0x2ee>
    2a3a:	83 2d       	mov	r24, r3
    2a3c:	8e 7e       	andi	r24, 0xEE	; 238
    2a3e:	a8 2e       	mov	r10, r24
    2a40:	05 c0       	rjmp	.+10     	; 0x2a4c <vfprintf+0x2ee>
    2a42:	b8 2c       	mov	r11, r8
    2a44:	a3 2c       	mov	r10, r3
    2a46:	03 c0       	rjmp	.+6      	; 0x2a4e <vfprintf+0x2f0>
    2a48:	b8 2c       	mov	r11, r8
    2a4a:	01 c0       	rjmp	.+2      	; 0x2a4e <vfprintf+0x2f0>
    2a4c:	b9 2c       	mov	r11, r9
    2a4e:	a4 fe       	sbrs	r10, 4
    2a50:	0f c0       	rjmp	.+30     	; 0x2a70 <vfprintf+0x312>
    2a52:	fe 01       	movw	r30, r28
    2a54:	e8 0d       	add	r30, r8
    2a56:	f1 1d       	adc	r31, r1
    2a58:	80 81       	ld	r24, Z
    2a5a:	80 33       	cpi	r24, 0x30	; 48
    2a5c:	21 f4       	brne	.+8      	; 0x2a66 <vfprintf+0x308>
    2a5e:	9a 2d       	mov	r25, r10
    2a60:	99 7e       	andi	r25, 0xE9	; 233
    2a62:	a9 2e       	mov	r10, r25
    2a64:	09 c0       	rjmp	.+18     	; 0x2a78 <vfprintf+0x31a>
    2a66:	a2 fe       	sbrs	r10, 2
    2a68:	06 c0       	rjmp	.+12     	; 0x2a76 <vfprintf+0x318>
    2a6a:	b3 94       	inc	r11
    2a6c:	b3 94       	inc	r11
    2a6e:	04 c0       	rjmp	.+8      	; 0x2a78 <vfprintf+0x31a>
    2a70:	8a 2d       	mov	r24, r10
    2a72:	86 78       	andi	r24, 0x86	; 134
    2a74:	09 f0       	breq	.+2      	; 0x2a78 <vfprintf+0x31a>
    2a76:	b3 94       	inc	r11
    2a78:	a3 fc       	sbrc	r10, 3
    2a7a:	10 c0       	rjmp	.+32     	; 0x2a9c <vfprintf+0x33e>
    2a7c:	a0 fe       	sbrs	r10, 0
    2a7e:	06 c0       	rjmp	.+12     	; 0x2a8c <vfprintf+0x32e>
    2a80:	b2 14       	cp	r11, r2
    2a82:	80 f4       	brcc	.+32     	; 0x2aa4 <vfprintf+0x346>
    2a84:	28 0c       	add	r2, r8
    2a86:	92 2c       	mov	r9, r2
    2a88:	9b 18       	sub	r9, r11
    2a8a:	0d c0       	rjmp	.+26     	; 0x2aa6 <vfprintf+0x348>
    2a8c:	b2 14       	cp	r11, r2
    2a8e:	58 f4       	brcc	.+22     	; 0x2aa6 <vfprintf+0x348>
    2a90:	b6 01       	movw	r22, r12
    2a92:	80 e2       	ldi	r24, 0x20	; 32
    2a94:	90 e0       	ldi	r25, 0x00	; 0
    2a96:	76 d0       	rcall	.+236    	; 0x2b84 <fputc>
    2a98:	b3 94       	inc	r11
    2a9a:	f8 cf       	rjmp	.-16     	; 0x2a8c <vfprintf+0x32e>
    2a9c:	b2 14       	cp	r11, r2
    2a9e:	18 f4       	brcc	.+6      	; 0x2aa6 <vfprintf+0x348>
    2aa0:	2b 18       	sub	r2, r11
    2aa2:	02 c0       	rjmp	.+4      	; 0x2aa8 <vfprintf+0x34a>
    2aa4:	98 2c       	mov	r9, r8
    2aa6:	21 2c       	mov	r2, r1
    2aa8:	a4 fe       	sbrs	r10, 4
    2aaa:	0f c0       	rjmp	.+30     	; 0x2aca <vfprintf+0x36c>
    2aac:	b6 01       	movw	r22, r12
    2aae:	80 e3       	ldi	r24, 0x30	; 48
    2ab0:	90 e0       	ldi	r25, 0x00	; 0
    2ab2:	68 d0       	rcall	.+208    	; 0x2b84 <fputc>
    2ab4:	a2 fe       	sbrs	r10, 2
    2ab6:	16 c0       	rjmp	.+44     	; 0x2ae4 <vfprintf+0x386>
    2ab8:	a1 fc       	sbrc	r10, 1
    2aba:	03 c0       	rjmp	.+6      	; 0x2ac2 <vfprintf+0x364>
    2abc:	88 e7       	ldi	r24, 0x78	; 120
    2abe:	90 e0       	ldi	r25, 0x00	; 0
    2ac0:	02 c0       	rjmp	.+4      	; 0x2ac6 <vfprintf+0x368>
    2ac2:	88 e5       	ldi	r24, 0x58	; 88
    2ac4:	90 e0       	ldi	r25, 0x00	; 0
    2ac6:	b6 01       	movw	r22, r12
    2ac8:	0c c0       	rjmp	.+24     	; 0x2ae2 <vfprintf+0x384>
    2aca:	8a 2d       	mov	r24, r10
    2acc:	86 78       	andi	r24, 0x86	; 134
    2ace:	51 f0       	breq	.+20     	; 0x2ae4 <vfprintf+0x386>
    2ad0:	a1 fe       	sbrs	r10, 1
    2ad2:	02 c0       	rjmp	.+4      	; 0x2ad8 <vfprintf+0x37a>
    2ad4:	8b e2       	ldi	r24, 0x2B	; 43
    2ad6:	01 c0       	rjmp	.+2      	; 0x2ada <vfprintf+0x37c>
    2ad8:	80 e2       	ldi	r24, 0x20	; 32
    2ada:	a7 fc       	sbrc	r10, 7
    2adc:	8d e2       	ldi	r24, 0x2D	; 45
    2ade:	b6 01       	movw	r22, r12
    2ae0:	90 e0       	ldi	r25, 0x00	; 0
    2ae2:	50 d0       	rcall	.+160    	; 0x2b84 <fputc>
    2ae4:	89 14       	cp	r8, r9
    2ae6:	30 f4       	brcc	.+12     	; 0x2af4 <vfprintf+0x396>
    2ae8:	b6 01       	movw	r22, r12
    2aea:	80 e3       	ldi	r24, 0x30	; 48
    2aec:	90 e0       	ldi	r25, 0x00	; 0
    2aee:	4a d0       	rcall	.+148    	; 0x2b84 <fputc>
    2af0:	9a 94       	dec	r9
    2af2:	f8 cf       	rjmp	.-16     	; 0x2ae4 <vfprintf+0x386>
    2af4:	8a 94       	dec	r8
    2af6:	f3 01       	movw	r30, r6
    2af8:	e8 0d       	add	r30, r8
    2afa:	f1 1d       	adc	r31, r1
    2afc:	80 81       	ld	r24, Z
    2afe:	b6 01       	movw	r22, r12
    2b00:	90 e0       	ldi	r25, 0x00	; 0
    2b02:	40 d0       	rcall	.+128    	; 0x2b84 <fputc>
    2b04:	81 10       	cpse	r8, r1
    2b06:	f6 cf       	rjmp	.-20     	; 0x2af4 <vfprintf+0x396>
    2b08:	22 20       	and	r2, r2
    2b0a:	09 f4       	brne	.+2      	; 0x2b0e <vfprintf+0x3b0>
    2b0c:	4e ce       	rjmp	.-868    	; 0x27aa <vfprintf+0x4c>
    2b0e:	b6 01       	movw	r22, r12
    2b10:	80 e2       	ldi	r24, 0x20	; 32
    2b12:	90 e0       	ldi	r25, 0x00	; 0
    2b14:	37 d0       	rcall	.+110    	; 0x2b84 <fputc>
    2b16:	2a 94       	dec	r2
    2b18:	f7 cf       	rjmp	.-18     	; 0x2b08 <vfprintf+0x3aa>
    2b1a:	f6 01       	movw	r30, r12
    2b1c:	86 81       	ldd	r24, Z+6	; 0x06
    2b1e:	97 81       	ldd	r25, Z+7	; 0x07
    2b20:	02 c0       	rjmp	.+4      	; 0x2b26 <vfprintf+0x3c8>
    2b22:	8f ef       	ldi	r24, 0xFF	; 255
    2b24:	9f ef       	ldi	r25, 0xFF	; 255
    2b26:	2b 96       	adiw	r28, 0x0b	; 11
    2b28:	0f b6       	in	r0, 0x3f	; 63
    2b2a:	f8 94       	cli
    2b2c:	de bf       	out	0x3e, r29	; 62
    2b2e:	0f be       	out	0x3f, r0	; 63
    2b30:	cd bf       	out	0x3d, r28	; 61
    2b32:	df 91       	pop	r29
    2b34:	cf 91       	pop	r28
    2b36:	1f 91       	pop	r17
    2b38:	0f 91       	pop	r16
    2b3a:	ff 90       	pop	r15
    2b3c:	ef 90       	pop	r14
    2b3e:	df 90       	pop	r13
    2b40:	cf 90       	pop	r12
    2b42:	bf 90       	pop	r11
    2b44:	af 90       	pop	r10
    2b46:	9f 90       	pop	r9
    2b48:	8f 90       	pop	r8
    2b4a:	7f 90       	pop	r7
    2b4c:	6f 90       	pop	r6
    2b4e:	5f 90       	pop	r5
    2b50:	4f 90       	pop	r4
    2b52:	3f 90       	pop	r3
    2b54:	2f 90       	pop	r2
    2b56:	08 95       	ret

00002b58 <strnlen_P>:
    2b58:	fc 01       	movw	r30, r24
    2b5a:	05 90       	lpm	r0, Z+
    2b5c:	61 50       	subi	r22, 0x01	; 1
    2b5e:	70 40       	sbci	r23, 0x00	; 0
    2b60:	01 10       	cpse	r0, r1
    2b62:	d8 f7       	brcc	.-10     	; 0x2b5a <strnlen_P+0x2>
    2b64:	80 95       	com	r24
    2b66:	90 95       	com	r25
    2b68:	8e 0f       	add	r24, r30
    2b6a:	9f 1f       	adc	r25, r31
    2b6c:	08 95       	ret

00002b6e <strnlen>:
    2b6e:	fc 01       	movw	r30, r24
    2b70:	61 50       	subi	r22, 0x01	; 1
    2b72:	70 40       	sbci	r23, 0x00	; 0
    2b74:	01 90       	ld	r0, Z+
    2b76:	01 10       	cpse	r0, r1
    2b78:	d8 f7       	brcc	.-10     	; 0x2b70 <strnlen+0x2>
    2b7a:	80 95       	com	r24
    2b7c:	90 95       	com	r25
    2b7e:	8e 0f       	add	r24, r30
    2b80:	9f 1f       	adc	r25, r31
    2b82:	08 95       	ret

00002b84 <fputc>:
    2b84:	0f 93       	push	r16
    2b86:	1f 93       	push	r17
    2b88:	cf 93       	push	r28
    2b8a:	df 93       	push	r29
    2b8c:	fb 01       	movw	r30, r22
    2b8e:	23 81       	ldd	r18, Z+3	; 0x03
    2b90:	21 fd       	sbrc	r18, 1
    2b92:	03 c0       	rjmp	.+6      	; 0x2b9a <fputc+0x16>
    2b94:	8f ef       	ldi	r24, 0xFF	; 255
    2b96:	9f ef       	ldi	r25, 0xFF	; 255
    2b98:	2c c0       	rjmp	.+88     	; 0x2bf2 <fputc+0x6e>
    2b9a:	22 ff       	sbrs	r18, 2
    2b9c:	16 c0       	rjmp	.+44     	; 0x2bca <fputc+0x46>
    2b9e:	46 81       	ldd	r20, Z+6	; 0x06
    2ba0:	57 81       	ldd	r21, Z+7	; 0x07
    2ba2:	24 81       	ldd	r18, Z+4	; 0x04
    2ba4:	35 81       	ldd	r19, Z+5	; 0x05
    2ba6:	42 17       	cp	r20, r18
    2ba8:	53 07       	cpc	r21, r19
    2baa:	44 f4       	brge	.+16     	; 0x2bbc <fputc+0x38>
    2bac:	a0 81       	ld	r26, Z
    2bae:	b1 81       	ldd	r27, Z+1	; 0x01
    2bb0:	9d 01       	movw	r18, r26
    2bb2:	2f 5f       	subi	r18, 0xFF	; 255
    2bb4:	3f 4f       	sbci	r19, 0xFF	; 255
    2bb6:	31 83       	std	Z+1, r19	; 0x01
    2bb8:	20 83       	st	Z, r18
    2bba:	8c 93       	st	X, r24
    2bbc:	26 81       	ldd	r18, Z+6	; 0x06
    2bbe:	37 81       	ldd	r19, Z+7	; 0x07
    2bc0:	2f 5f       	subi	r18, 0xFF	; 255
    2bc2:	3f 4f       	sbci	r19, 0xFF	; 255
    2bc4:	37 83       	std	Z+7, r19	; 0x07
    2bc6:	26 83       	std	Z+6, r18	; 0x06
    2bc8:	14 c0       	rjmp	.+40     	; 0x2bf2 <fputc+0x6e>
    2bca:	8b 01       	movw	r16, r22
    2bcc:	ec 01       	movw	r28, r24
    2bce:	fb 01       	movw	r30, r22
    2bd0:	00 84       	ldd	r0, Z+8	; 0x08
    2bd2:	f1 85       	ldd	r31, Z+9	; 0x09
    2bd4:	e0 2d       	mov	r30, r0
    2bd6:	09 95       	icall
    2bd8:	89 2b       	or	r24, r25
    2bda:	e1 f6       	brne	.-72     	; 0x2b94 <fputc+0x10>
    2bdc:	d8 01       	movw	r26, r16
    2bde:	16 96       	adiw	r26, 0x06	; 6
    2be0:	8d 91       	ld	r24, X+
    2be2:	9c 91       	ld	r25, X
    2be4:	17 97       	sbiw	r26, 0x07	; 7
    2be6:	01 96       	adiw	r24, 0x01	; 1
    2be8:	17 96       	adiw	r26, 0x07	; 7
    2bea:	9c 93       	st	X, r25
    2bec:	8e 93       	st	-X, r24
    2bee:	16 97       	sbiw	r26, 0x06	; 6
    2bf0:	ce 01       	movw	r24, r28
    2bf2:	df 91       	pop	r29
    2bf4:	cf 91       	pop	r28
    2bf6:	1f 91       	pop	r17
    2bf8:	0f 91       	pop	r16
    2bfa:	08 95       	ret

00002bfc <__ultoa_invert>:
    2bfc:	fa 01       	movw	r30, r20
    2bfe:	aa 27       	eor	r26, r26
    2c00:	28 30       	cpi	r18, 0x08	; 8
    2c02:	51 f1       	breq	.+84     	; 0x2c58 <__ultoa_invert+0x5c>
    2c04:	20 31       	cpi	r18, 0x10	; 16
    2c06:	81 f1       	breq	.+96     	; 0x2c68 <__ultoa_invert+0x6c>
    2c08:	e8 94       	clt
    2c0a:	6f 93       	push	r22
    2c0c:	6e 7f       	andi	r22, 0xFE	; 254
    2c0e:	6e 5f       	subi	r22, 0xFE	; 254
    2c10:	7f 4f       	sbci	r23, 0xFF	; 255
    2c12:	8f 4f       	sbci	r24, 0xFF	; 255
    2c14:	9f 4f       	sbci	r25, 0xFF	; 255
    2c16:	af 4f       	sbci	r26, 0xFF	; 255
    2c18:	b1 e0       	ldi	r27, 0x01	; 1
    2c1a:	3e d0       	rcall	.+124    	; 0x2c98 <__ultoa_invert+0x9c>
    2c1c:	b4 e0       	ldi	r27, 0x04	; 4
    2c1e:	3c d0       	rcall	.+120    	; 0x2c98 <__ultoa_invert+0x9c>
    2c20:	67 0f       	add	r22, r23
    2c22:	78 1f       	adc	r23, r24
    2c24:	89 1f       	adc	r24, r25
    2c26:	9a 1f       	adc	r25, r26
    2c28:	a1 1d       	adc	r26, r1
    2c2a:	68 0f       	add	r22, r24
    2c2c:	79 1f       	adc	r23, r25
    2c2e:	8a 1f       	adc	r24, r26
    2c30:	91 1d       	adc	r25, r1
    2c32:	a1 1d       	adc	r26, r1
    2c34:	6a 0f       	add	r22, r26
    2c36:	71 1d       	adc	r23, r1
    2c38:	81 1d       	adc	r24, r1
    2c3a:	91 1d       	adc	r25, r1
    2c3c:	a1 1d       	adc	r26, r1
    2c3e:	20 d0       	rcall	.+64     	; 0x2c80 <__ultoa_invert+0x84>
    2c40:	09 f4       	brne	.+2      	; 0x2c44 <__ultoa_invert+0x48>
    2c42:	68 94       	set
    2c44:	3f 91       	pop	r19
    2c46:	2a e0       	ldi	r18, 0x0A	; 10
    2c48:	26 9f       	mul	r18, r22
    2c4a:	11 24       	eor	r1, r1
    2c4c:	30 19       	sub	r19, r0
    2c4e:	30 5d       	subi	r19, 0xD0	; 208
    2c50:	31 93       	st	Z+, r19
    2c52:	de f6       	brtc	.-74     	; 0x2c0a <__ultoa_invert+0xe>
    2c54:	cf 01       	movw	r24, r30
    2c56:	08 95       	ret
    2c58:	46 2f       	mov	r20, r22
    2c5a:	47 70       	andi	r20, 0x07	; 7
    2c5c:	40 5d       	subi	r20, 0xD0	; 208
    2c5e:	41 93       	st	Z+, r20
    2c60:	b3 e0       	ldi	r27, 0x03	; 3
    2c62:	0f d0       	rcall	.+30     	; 0x2c82 <__ultoa_invert+0x86>
    2c64:	c9 f7       	brne	.-14     	; 0x2c58 <__ultoa_invert+0x5c>
    2c66:	f6 cf       	rjmp	.-20     	; 0x2c54 <__ultoa_invert+0x58>
    2c68:	46 2f       	mov	r20, r22
    2c6a:	4f 70       	andi	r20, 0x0F	; 15
    2c6c:	40 5d       	subi	r20, 0xD0	; 208
    2c6e:	4a 33       	cpi	r20, 0x3A	; 58
    2c70:	18 f0       	brcs	.+6      	; 0x2c78 <__ultoa_invert+0x7c>
    2c72:	49 5d       	subi	r20, 0xD9	; 217
    2c74:	31 fd       	sbrc	r19, 1
    2c76:	40 52       	subi	r20, 0x20	; 32
    2c78:	41 93       	st	Z+, r20
    2c7a:	02 d0       	rcall	.+4      	; 0x2c80 <__ultoa_invert+0x84>
    2c7c:	a9 f7       	brne	.-22     	; 0x2c68 <__ultoa_invert+0x6c>
    2c7e:	ea cf       	rjmp	.-44     	; 0x2c54 <__ultoa_invert+0x58>
    2c80:	b4 e0       	ldi	r27, 0x04	; 4
    2c82:	a6 95       	lsr	r26
    2c84:	97 95       	ror	r25
    2c86:	87 95       	ror	r24
    2c88:	77 95       	ror	r23
    2c8a:	67 95       	ror	r22
    2c8c:	ba 95       	dec	r27
    2c8e:	c9 f7       	brne	.-14     	; 0x2c82 <__ultoa_invert+0x86>
    2c90:	00 97       	sbiw	r24, 0x00	; 0
    2c92:	61 05       	cpc	r22, r1
    2c94:	71 05       	cpc	r23, r1
    2c96:	08 95       	ret
    2c98:	9b 01       	movw	r18, r22
    2c9a:	ac 01       	movw	r20, r24
    2c9c:	0a 2e       	mov	r0, r26
    2c9e:	06 94       	lsr	r0
    2ca0:	57 95       	ror	r21
    2ca2:	47 95       	ror	r20
    2ca4:	37 95       	ror	r19
    2ca6:	27 95       	ror	r18
    2ca8:	ba 95       	dec	r27
    2caa:	c9 f7       	brne	.-14     	; 0x2c9e <__ultoa_invert+0xa2>
    2cac:	62 0f       	add	r22, r18
    2cae:	73 1f       	adc	r23, r19
    2cb0:	84 1f       	adc	r24, r20
    2cb2:	95 1f       	adc	r25, r21
    2cb4:	a0 1d       	adc	r26, r0
    2cb6:	08 95       	ret

00002cb8 <_exit>:
    2cb8:	f8 94       	cli

00002cba <__stop_program>:
    2cba:	ff cf       	rjmp	.-2      	; 0x2cba <__stop_program>
